batch_id,drug_id,location_id,quantity,expiry_date,inventory_value
1,18,2,374,2026-03-13,42011.42
2,25,5,430,2027-05-16,94539.8
3,11,3,190,2026-08-07,14588.2
4,3,4,181,2026-05-24,56587.84
5,15,3,587,2027-05-24,44154.14
6,14,5,520,2027-03-28,67537.6
7,24,2,170,2026-10-05,10237.4
8,8,3,615,2027-02-22,164783.1
9,15,4,110,2026-02-03,8274.2
10,24,4,155,2026-04-03,9334.1
11,8,4,692,2026-08-01,185414.48
12,8,1,85,2026-07-05,22774.9
13,6,4,519,2026-11-13,138297.93
14,25,4,683,2026-02-16,150164.38
15,24,5,691,2027-06-12,41612.02
16,5,2,384,2026-10-05,49912.32
17,21,1,370,2027-04-27,28996.9
18,2,2,724,2026-03-23,165513.64
19,23,5,885,2026-03-24,224595.3
20,19,2,297,2026-03-23,77528.88
21,14,1,667,2026-08-04,86629.96
22,17,3,733,2026-11-02,109964.66
23,6,2,552,2026-12-16,147091.44
24,23,2,94,2026-02-22,23855.32
25,11,4,82,2026-10-22,6295.96
26,4,1,439,2026-07-25,24886.91
27,1,5,754,2026-08-20,189804.42
28,14,4,685,2027-05-26,88967.8
29,13,5,127,2026-02-13,30850.84
30,14,2,553,2026-08-04,71823.64
31,20,3,549,2026-05-02,123036.39
32,2,3,490,2027-04-12,112018.9
33,25,1,364,2026-08-08,80029.04
34,21,3,538,2027-03-24,42163.06
35,4,5,445,2026-10-19,25227.05
36,23,1,447,2026-02-26,113439.66
37,8,4,223,2027-01-11,59750.62
38,14,5,534,2026-08-17,69355.92
39,9,4,546,2026-05-09,134829.24
40,18,2,798,2026-10-08,89639.34
41,18,3,347,2026-05-05,38978.51
42,16,3,140,2026-12-21,12114.2
43,23,2,664,2026-10-06,168509.92
44,19,1,496,2027-04-01,129475.84
45,13,1,324,2027-01-15,78706.08
46,2,3,367,2027-05-15,83899.87
47,20,2,121,2026-11-02,27117.31
48,15,3,255,2026-08-07,19181.1
49,1,1,486,2027-01-22,122340.78
50,10,3,439,2027-03-06,126309.08
51,14,3,631,2027-06-17,81954.28
52,1,2,731,2026-04-01,184014.63
53,4,3,410,2027-04-11,23242.9
54,21,3,172,2026-11-18,13479.64
55,24,4,362,2026-06-27,21799.64
56,25,5,292,2026-05-10,64199.12
57,15,1,636,2026-12-23,47839.92
58,18,2,152,2027-06-04,17074.16
59,2,4,711,2026-11-22,162541.71
60,14,2,334,2027-01-21,43379.92
61,4,3,240,2026-11-09,13605.6
62,25,5,621,2026-04-18,136533.06
63,14,4,602,2026-12-16,78187.76
64,1,5,667,2027-06-18,167903.91
65,22,1,543,2026-06-28,118797.54
66,18,2,453,2026-05-01,50885.49
67,12,4,665,2027-01-22,42959.0
68,5,1,639,2027-05-11,83057.22
69,22,2,556,2026-07-13,121641.68
70,20,3,183,2026-12-10,41012.13
71,12,1,632,2026-11-26,40827.2
72,9,4,655,2026-10-14,161745.7
73,4,3,220,2026-03-12,12471.8
74,18,1,619,2027-01-23,69532.27
75,11,5,664,2026-05-26,50981.92
76,7,1,514,2026-08-14,44527.82
77,15,2,359,2027-01-04,27003.98
78,18,2,87,2027-06-08,9772.71
79,16,5,657,2027-04-01,56850.21
80,12,5,123,2026-08-31,7945.8
81,15,1,486,2027-03-22,36556.92
82,6,5,142,2027-02-02,37838.74
83,17,4,430,2026-12-22,64508.6
84,25,4,344,2026-11-22,75631.84
85,14,5,758,2026-06-15,98449.04
86,14,2,102,2027-05-05,13247.76
87,20,5,150,2026-12-24,33616.5
88,15,1,715,2026-11-09,53782.3
89,25,3,664,2026-11-03,145987.04
90,10,2,291,2026-12-14,83726.52
91,18,5,239,2027-05-18,26846.87
92,12,2,873,2026-10-08,56395.8
93,10,5,585,2026-04-13,168316.2
94,17,5,321,2026-08-12,48156.42
95,17,1,217,2026-05-15,32554.34
96,14,1,795,2027-04-25,103254.6
97,9,4,248,2026-05-30,61241.12
98,7,2,118,2027-01-14,10222.34
99,10,2,111,2026-09-17,31936.92
100,8,2,350,2026-03-20,93779.0
101,13,1,200,2027-02-15,48584.0
102,20,4,716,2027-01-18,160462.76
103,19,1,415,2027-03-25,108331.6
104,22,2,890,2026-11-11,194714.2
105,18,1,801,2027-03-23,89976.33
106,14,3,60,2026-11-29,7792.8
107,20,4,78,2026-09-13,17480.58
108,19,2,291,2026-09-21,75962.64
109,12,1,702,2026-09-09,45349.2
110,12,4,523,2026-09-19,33785.8
111,4,5,517,2026-08-22,29308.73
112,18,3,540,2026-04-04,60658.2
113,12,5,567,2026-10-31,36628.2
114,12,5,887,2026-08-09,57300.2
115,12,2,606,2027-03-30,39147.6
116,22,2,191,2026-08-05,41786.98
117,16,4,730,2026-10-23,63166.9
118,11,2,570,2027-01-06,43764.6
119,22,3,559,2026-07-31,122298.02
120,19,1,497,2026-03-18,129736.88
121,4,4,259,2026-10-20,14682.71
122,5,2,286,2026-10-24,37174.28
123,15,2,207,2027-04-16,15570.54
124,3,2,866,2027-04-12,270746.24
125,25,2,152,2027-01-17,33418.72
126,13,3,795,2026-06-14,193121.4
127,20,2,238,2026-07-28,53338.18
128,3,5,521,2026-11-09,162885.44
129,7,2,69,2026-02-12,5977.47
130,5,5,415,2026-10-07,53941.7
131,6,1,656,2026-11-26,174804.32
132,22,1,839,2026-03-28,183556.42
133,17,1,780,2027-02-23,117015.6
134,3,4,826,2026-08-15,258240.64
135,6,5,323,2027-06-14,86069.81
136,9,1,119,2026-04-15,29385.86
137,2,5,171,2026-05-25,39092.31
138,7,5,828,2026-09-24,71729.64
139,6,1,655,2026-10-12,174537.85
140,19,4,366,2026-11-23,95540.64
141,21,1,68,2027-02-16,5329.16
142,23,1,720,2027-04-23,182721.6
143,20,1,86,2026-06-03,19273.46
144,21,2,596,2026-02-09,46708.52
145,22,5,616,2027-06-12,134768.48
146,23,2,273,2027-04-10,69281.94
147,6,4,294,2027-03-12,78342.18
148,12,1,748,2026-03-19,48320.8
149,19,1,832,2027-02-01,217185.28
150,3,3,382,2027-04-14,119428.48
151,22,3,857,2026-05-12,187494.46
152,6,4,265,2026-09-21,70614.55
153,10,3,350,2026-12-13,100702.0
154,9,4,244,2027-06-10,60253.36
155,22,4,474,2026-07-26,103701.72
156,15,4,659,2027-01-15,49569.98
157,7,1,436,2027-04-23,37770.68
158,1,3,730,2026-06-07,183762.9
159,1,5,586,2026-09-17,147513.78
160,7,2,342,2027-04-21,29627.46
161,13,1,564,2027-04-17,137006.88
162,5,2,514,2026-04-21,66809.72
163,12,3,209,2026-03-13,13501.4
164,24,4,797,2026-10-06,47995.34
165,24,4,392,2026-10-17,23606.24
166,21,2,458,2027-05-29,35893.46
167,14,3,831,2026-07-12,107930.28
168,16,4,804,2026-05-08,69570.12
169,17,4,460,2027-04-21,69009.2
170,25,5,600,2026-03-06,131916.0
171,25,2,241,2027-01-13,52986.26
172,4,2,210,2026-05-27,11904.9
173,9,5,527,2027-03-22,130137.38
174,25,3,591,2026-05-17,129937.26
175,22,1,53,2026-08-20,11595.34
176,9,5,86,2026-03-18,21236.84
177,18,2,822,2027-05-06,92335.26
178,17,2,892,2026-07-28,133817.84
179,20,1,100,2026-06-17,22411.0
180,16,2,65,2027-04-05,5624.45
181,21,1,724,2026-04-13,56739.88
182,2,1,127,2027-01-18,29033.47
183,8,2,320,2027-06-24,85740.8
184,22,4,381,2026-11-11,83355.18
185,1,3,227,2027-06-23,57142.71
186,6,2,83,2027-04-01,22117.01
187,21,3,573,2027-06-23,44906.01
188,7,2,894,2026-09-13,77447.22
189,23,3,234,2026-09-18,59384.52
190,4,1,299,2026-06-25,16950.31
191,9,5,410,2027-01-11,101245.4
192,3,2,456,2027-02-07,142563.84
193,6,1,311,2026-07-17,82872.17
194,22,3,714,2027-05-15,156208.92
195,11,1,854,2026-12-05,65570.12
196,9,5,839,2026-12-06,207182.66
197,25,2,884,2027-06-19,194356.24
198,4,5,80,2026-09-10,4535.2
199,11,2,429,2027-01-02,32938.62
200,23,1,450,2027-04-16,114201.0
201,17,2,74,2027-01-30,11101.48
202,5,1,857,2026-12-25,111392.86
203,18,2,641,2026-09-21,72003.53
204,1,1,136,2027-01-17,34235.28
205,19,1,186,2027-01-09,48553.44
206,25,3,276,2026-03-19,60681.36
207,22,5,289,2026-07-01,63227.42
208,14,2,670,2026-10-31,87019.6
209,9,2,631,2026-05-11,155819.14
210,20,2,657,2026-06-30,147240.27
211,20,2,97,2027-02-14,21738.67
212,17,2,159,2026-06-18,23853.18
213,1,2,889,2026-08-25,223787.97
214,9,5,205,2026-12-17,50622.7
215,14,3,568,2026-11-18,73771.84
216,17,2,310,2027-03-13,46506.2
217,15,5,709,2026-11-23,53330.98
218,3,1,475,2027-02-04,148504.0
219,17,2,428,2026-11-08,64208.56
220,22,4,647,2026-05-13,141550.66
221,4,5,150,2026-06-06,8503.5
222,14,1,197,2026-03-15,25586.36
223,10,3,434,2027-01-21,124870.48
224,13,2,231,2027-02-03,56114.52
225,2,2,490,2026-07-09,112018.9
226,10,1,521,2026-08-07,149902.12
227,8,4,583,2027-01-04,156209.02
228,20,3,257,2027-04-23,57596.27
229,21,1,678,2026-05-23,53134.86
230,5,2,629,2026-10-30,81757.42
231,2,3,362,2026-11-13,82756.82
232,14,4,836,2026-04-19,108579.68
233,4,2,147,2026-03-01,8333.43
234,17,1,601,2026-02-11,90162.02
235,8,3,869,2026-12-03,232839.86
236,8,2,844,2026-07-09,226141.36
237,17,1,125,2027-04-20,18752.5
238,22,4,450,2027-05-14,98451.0
239,15,3,643,2026-12-04,48366.46
240,6,2,602,2026-12-21,160414.94
241,16,3,649,2027-05-09,56157.97
242,7,5,721,2026-05-17,62460.23
243,25,5,895,2027-02-01,196774.7
244,6,2,758,2026-09-24,201984.26
245,14,4,764,2026-06-13,99228.32
246,15,1,417,2026-07-01,31366.74
247,14,1,580,2027-02-05,75330.4
248,18,2,545,2027-06-23,61219.85
249,8,2,394,2026-02-08,105568.36
250,19,2,775,2027-04-25,202306.0
251,7,1,696,2026-07-11,60294.48
252,11,2,676,2026-05-23,51903.28
253,3,5,579,2026-12-08,181018.56
254,24,1,197,2027-04-27,11863.34
255,22,1,406,2026-02-06,88824.68
256,10,2,388,2027-05-20,111635.36
257,9,5,75,2026-04-27,18520.5
258,20,5,691,2026-10-05,154860.01
259,25,3,67,2026-02-03,14730.62
260,23,1,138,2026-11-08,35021.64
261,25,3,867,2026-10-18,190618.62
262,25,2,374,2026-02-12,82227.64
263,19,3,441,2027-04-28,115118.64
264,9,4,434,2026-07-28,107171.96
265,7,3,434,2027-03-21,37597.42
266,13,2,884,2026-02-16,214741.28
267,15,3,189,2026-11-09,14216.58
268,2,5,515,2026-08-27,117734.15
269,3,5,632,2026-04-15,197588.48
270,2,2,807,2026-03-02,184488.27
271,17,1,543,2026-06-06,81460.86
272,24,3,210,2026-03-07,12646.2
273,24,5,93,2026-02-17,5600.46
274,2,2,281,2026-04-04,64239.41
275,23,1,217,2026-04-18,55070.26
276,13,4,706,2027-06-02,171501.52
277,14,2,632,2027-03-14,82084.16
278,9,4,669,2026-03-31,165202.86
279,24,5,401,2027-02-16,24148.22
280,9,5,540,2026-07-22,133347.6
281,6,4,415,2026-07-08,110585.05
282,14,4,792,2026-02-16,102864.96
283,13,5,401,2026-07-11,97410.92
284,5,3,85,2026-09-11,11048.3
285,17,1,77,2026-07-31,11551.54
286,17,2,624,2026-04-16,93612.48
287,5,3,566,2027-02-28,73568.68
288,23,3,398,2027-05-10,101004.44
289,22,4,269,2026-04-15,58851.82
290,22,3,888,2027-02-09,194276.64
291,9,5,52,2026-11-23,12840.88
292,24,5,861,2027-03-18,51849.42
293,21,5,302,2026-11-30,23667.74
294,25,1,835,2026-05-28,183583.1
295,25,5,225,2026-04-28,49468.5
296,9,1,624,2027-03-02,154090.56
297,9,2,560,2027-04-05,138286.4
298,3,3,163,2026-12-14,50960.32
299,24,2,437,2026-05-26,26316.14
300,1,2,197,2027-03-22,49590.81
301,18,5,469,2027-05-03,52682.77
302,4,5,741,2026-12-22,42007.29
303,7,4,448,2027-04-30,38810.24
304,7,4,481,2026-12-24,41669.03
305,13,3,110,2027-01-30,26721.2
306,6,4,312,2026-08-22,83138.64
307,19,3,265,2026-12-16,69175.6
308,1,4,530,2027-06-04,133416.9
309,13,4,317,2027-06-19,77005.64
310,8,5,616,2027-01-23,165051.04
311,13,4,374,2027-05-23,90852.08
312,22,4,238,2026-09-15,52069.64
313,14,4,776,2026-08-24,100786.88
314,2,4,134,2027-01-30,30633.74
315,8,1,678,2027-04-21,181663.32
316,6,4,478,2026-12-08,127372.66
317,7,1,800,2027-01-25,69304.0
318,18,2,422,2026-04-21,47403.26
319,25,4,893,2026-12-03,196334.98
320,17,5,354,2026-02-08,53107.08
321,14,2,888,2026-03-03,115333.44
322,25,4,670,2026-12-31,147306.2
323,16,5,54,2026-06-20,4672.62
324,3,2,525,2026-11-08,164136.0
325,25,2,653,2026-07-24,143568.58
326,24,1,194,2027-02-20,11682.68
327,16,4,870,2026-04-28,75281.1
328,2,4,529,2026-03-24,120934.69
329,3,4,236,2027-06-04,73783.04
330,11,5,887,2026-12-09,68103.86
331,9,2,888,2027-04-18,219282.72
332,23,4,435,2026-01-31,110394.3
333,3,5,163,2026-11-26,50960.32
334,6,2,607,2026-12-25,161747.29
335,13,5,696,2026-03-21,169072.32
336,15,3,589,2026-07-18,44304.58
337,14,5,306,2026-04-18,39743.28
338,11,5,288,2026-12-02,22112.64
339,9,4,562,2026-01-31,138780.28
340,3,4,254,2026-03-30,79410.56
341,13,1,379,2027-03-14,92066.68
342,14,5,747,2027-04-06,97020.36
343,2,3,761,2026-04-10,173972.21
344,1,3,248,2027-05-08,62429.04
345,2,3,157,2026-09-09,35891.77
346,15,2,869,2026-02-15,65366.18
347,16,3,415,2026-02-25,35909.95
348,8,3,882,2026-05-14,236323.08
349,10,5,338,2026-10-19,97249.36
350,4,1,574,2026-08-09,32540.06
351,25,1,503,2027-05-10,110589.58
352,13,4,602,2027-04-10,146237.84
353,9,5,179,2027-01-18,44202.26
354,11,3,833,2026-04-21,63957.74
355,8,4,101,2027-01-01,27061.94
356,15,3,643,2026-12-02,48366.46
357,20,4,186,2026-04-12,41684.46
358,11,5,55,2026-06-12,4222.9
359,11,3,604,2026-07-21,46375.12
360,8,4,457,2026-12-26,122448.58
361,3,2,777,2026-02-25,242921.28
362,13,4,118,2027-01-07,28664.56
363,5,4,397,2026-02-07,51602.06
364,18,2,767,2027-01-30,86157.11
365,6,5,738,2026-10-19,196654.86
366,4,1,409,2027-01-09,23186.21
367,23,5,219,2027-03-20,55577.82
368,17,5,587,2027-03-23,88061.74
369,5,5,58,2026-04-16,7538.84
370,3,3,780,2027-06-08,243859.2
371,6,2,92,2027-06-23,24515.24
372,10,1,490,2026-07-13,140982.8
373,19,2,713,2026-03-25,186121.52
374,25,5,787,2026-02-06,173029.82
375,8,2,832,2027-01-06,222926.08
376,3,3,196,2027-05-27,61277.44
377,12,5,493,2027-03-27,31847.8
378,20,5,578,2026-03-18,129535.58
379,12,4,789,2026-06-03,50969.4
380,24,3,395,2026-08-16,23786.9
381,16,3,155,2027-01-11,13412.15
382,23,1,629,2027-02-15,159627.62
383,4,3,450,2026-03-10,25510.5
384,1,3,732,2027-03-20,184266.36
385,2,2,70,2026-12-22,16002.7
386,22,5,536,2027-03-22,117266.08
387,10,3,292,2026-06-01,84014.24
388,6,2,394,2027-03-18,104989.18
389,18,4,321,2026-05-02,36057.93
390,25,5,402,2026-02-13,88383.72
391,2,4,192,2026-08-24,43893.12
392,2,5,412,2026-08-06,94187.32
393,21,4,700,2026-11-02,54859.0
394,15,5,246,2026-02-17,18504.12
395,18,2,597,2027-04-27,67061.01
396,13,1,483,2026-12-06,117330.36
397,12,1,168,2027-04-22,10852.8
398,17,2,110,2026-09-29,16502.2
399,14,2,720,2027-06-18,93513.6
400,10,1,759,2027-06-20,218379.48
401,8,3,787,2026-04-25,210868.78
402,25,4,539,2026-11-15,118504.54
403,23,3,384,2026-03-30,97451.52
404,21,3,337,2026-03-05,26410.69
405,24,4,409,2026-11-18,24629.98
406,23,1,375,2026-02-21,95167.5
407,14,5,171,2026-12-23,22209.48
408,9,2,150,2026-12-25,37041.0
409,15,1,608,2027-02-22,45733.76
410,21,1,180,2027-02-13,14106.6
411,11,1,225,2026-08-11,17275.5
412,10,5,490,2026-10-31,140982.8
413,14,3,89,2027-05-13,11559.32
414,11,5,70,2026-05-27,5374.6
415,12,1,724,2027-03-07,46770.4
416,20,5,220,2026-05-03,49304.2
417,2,5,861,2026-05-17,196833.21
418,10,2,287,2026-06-20,82575.64
419,9,5,384,2026-10-15,94824.96
420,11,2,674,2026-02-04,51749.72
421,12,2,791,2026-04-25,51098.6
422,4,4,458,2026-10-23,25964.02
423,24,4,357,2026-08-30,21498.54
424,19,5,358,2026-09-02,93452.32
425,23,5,745,2027-05-09,189066.1
426,14,5,837,2026-08-19,108709.56
427,6,1,372,2026-12-07,99126.84
428,15,2,876,2026-08-23,65892.72
429,18,4,216,2026-06-13,24263.28
430,16,2,97,2027-04-12,8393.41
431,2,2,713,2026-04-06,162998.93
432,10,2,73,2027-03-25,21003.56
433,18,1,255,2026-05-26,28644.15
434,15,2,372,2026-12-03,27981.84
435,16,2,110,2026-08-24,9518.3
436,7,1,394,2026-08-18,34132.22
437,12,1,504,2027-05-09,32558.4
438,2,3,574,2026-12-21,131222.14
439,20,5,495,2026-08-08,110934.45
440,9,3,253,2026-03-03,62475.82
441,5,1,545,2026-11-28,70839.1
442,6,5,835,2026-11-30,222502.45
443,16,2,480,2027-01-23,41534.4
444,19,5,126,2026-07-15,32891.04
445,24,4,549,2027-01-28,33060.78
446,13,3,546,2026-10-19,132634.32
447,3,2,731,2027-05-21,228539.84
448,22,4,236,2026-12-04,51632.08
449,2,3,57,2026-11-20,13030.77
450,19,1,155,2026-03-01,40461.2
451,16,3,753,2026-03-20,65157.09
452,4,2,525,2027-03-04,29762.25
453,1,3,705,2027-01-05,177469.65
454,2,4,484,2027-06-20,110647.24
455,20,2,845,2027-01-04,189372.95
456,4,1,450,2027-06-18,25510.5
457,12,5,311,2026-04-16,20090.6
458,4,2,434,2027-01-03,24603.46
459,22,2,258,2027-01-05,56445.24
460,2,1,127,2027-04-14,29033.47
461,19,1,731,2026-05-30,190820.24
462,11,2,436,2026-10-28,33476.08
463,3,2,606,2027-05-10,189459.84
464,15,2,260,2026-07-04,19557.2
465,25,1,483,2027-01-18,106192.38
466,12,3,768,2026-11-19,49612.8
467,12,3,393,2026-08-16,25387.8
468,1,4,353,2026-03-21,88860.69
469,25,3,488,2026-03-04,107291.68
470,18,3,568,2026-12-13,63803.44
471,23,4,822,2027-01-18,208607.16
472,17,3,93,2026-04-26,13951.86
473,22,1,879,2027-06-10,192307.62
474,12,4,170,2026-04-16,10982.0
475,12,5,555,2027-04-20,35853.0
476,7,3,719,2026-07-12,62286.97
477,5,1,820,2026-10-12,106583.6
478,16,5,445,2027-05-03,38505.85
479,1,3,773,2026-05-04,194587.29
480,16,4,307,2027-01-30,26564.71
481,15,3,663,2026-07-19,49870.86
482,9,4,454,2027-02-23,112110.76
483,20,1,160,2026-01-31,35857.6
484,22,4,255,2026-03-28,55788.9
485,10,1,692,2026-03-05,199102.24
486,5,1,303,2027-06-20,39383.94
487,14,5,718,2026-09-03,93253.84
488,11,5,791,2027-05-22,60732.98
489,7,4,799,2027-02-24,69217.37
490,20,1,227,2027-05-25,50872.97
491,21,1,75,2026-09-16,5877.75
492,11,4,506,2026-11-24,38850.68
493,19,3,564,2027-04-16,147226.56
494,21,4,225,2026-11-22,17633.25
495,11,5,384,2026-09-13,29483.52
496,22,2,295,2027-04-19,64540.1
497,6,4,422,2026-08-30,112450.34
498,1,5,239,2027-02-28,60163.47
499,6,5,421,2026-10-18,112183.87
500,16,2,673,2026-12-16,58234.69
501,24,4,399,2026-10-24,24027.78
502,23,3,734,2026-05-01,186274.52
503,11,3,637,2027-03-02,48908.86
504,3,4,834,2026-03-18,260741.76
505,18,3,858,2027-03-03,96379.14
506,2,2,361,2026-04-15,82528.21
507,16,3,251,2026-06-07,21719.03
508,21,3,263,2027-05-15,20611.31
509,5,4,195,2026-11-20,25346.1
510,18,3,308,2026-09-20,34597.64
511,22,4,532,2027-03-25,116390.96
512,4,4,304,2026-03-04,17233.76
513,25,2,242,2027-01-15,53206.12
514,3,1,73,2027-04-04,22822.72
515,3,2,316,2026-10-29,98794.24
516,8,3,88,2027-06-15,23578.72
517,12,4,736,2027-05-16,47545.6
518,4,1,482,2026-05-30,27324.58
519,25,5,155,2026-08-03,34078.3
520,14,3,592,2026-07-01,76888.96
521,10,5,277,2027-01-14,79698.44
522,20,1,535,2026-11-12,119898.85
523,15,5,575,2026-03-09,43251.5
524,18,1,554,2026-02-07,62230.82
525,5,4,679,2027-01-17,88256.42
526,24,5,171,2026-02-12,10297.62
527,14,4,593,2027-01-25,77018.84
528,23,2,537,2026-03-07,136279.86
529,8,4,478,2026-04-30,128075.32
530,19,2,293,2026-08-23,76484.72
531,23,5,629,2027-05-26,159627.62
532,5,4,792,2027-04-16,102944.16
533,19,4,377,2026-05-07,98412.08
534,12,2,309,2027-03-28,19961.4
535,10,3,836,2026-03-11,240533.92
536,6,2,337,2026-09-29,89800.39
537,20,4,741,2027-05-19,166065.51
538,8,1,136,2026-05-21,36439.84
539,25,2,565,2027-04-07,124220.9
540,17,2,449,2026-06-09,67358.98
541,17,1,686,2027-03-13,102913.72
542,11,4,548,2027-01-19,42075.44
543,6,5,306,2026-06-14,81539.82
544,2,4,129,2026-09-26,29490.69
545,20,4,739,2026-03-26,165617.29
546,24,3,757,2026-12-01,45586.54
547,12,1,131,2026-11-20,8462.6
548,22,1,210,2026-10-05,45943.8
549,15,1,826,2026-07-21,62131.72
550,5,3,520,2026-11-14,67589.6
551,10,4,118,2027-01-23,33950.96
552,7,1,257,2026-09-11,22263.91
553,22,2,190,2026-02-03,41568.2
554,25,3,639,2026-05-31,140490.54
555,15,3,87,2026-07-08,6544.14
556,21,3,51,2026-11-23,3996.87
557,25,2,225,2026-07-16,49468.5
558,4,1,522,2026-09-13,29592.18
559,3,3,88,2027-01-19,27512.32
560,25,3,613,2026-08-18,134774.18
561,15,1,108,2026-12-02,8123.76
562,13,1,769,2026-03-12,186805.48
563,13,4,823,2026-08-06,199923.16
564,21,1,730,2027-04-23,57210.1
565,13,2,529,2026-03-29,128504.68
566,4,5,286,2026-08-25,16213.34
567,10,5,872,2026-07-18,250891.84
568,13,1,744,2026-09-08,180732.48
569,5,1,243,2027-03-17,31585.14
570,9,2,509,2026-10-23,125692.46
571,2,3,98,2026-05-17,22403.78
572,25,5,621,2027-03-09,136533.06
573,2,5,567,2026-03-22,129621.87
574,6,1,192,2026-04-20,51162.24
575,3,4,538,2026-12-17,168200.32
576,18,3,665,2027-03-18,74699.45
577,1,4,796,2026-11-05,200377.08
578,15,4,433,2027-05-24,32570.26
579,19,2,465,2027-01-09,121383.6
580,25,3,505,2026-04-05,111029.3
581,8,4,596,2026-10-08,159692.24
582,2,2,307,2027-04-10,70183.27
583,9,2,156,2026-10-03,38522.64
584,20,2,371,2027-03-18,83144.81
585,14,3,209,2026-06-03,27144.92
586,18,1,872,2026-04-14,97951.76
587,7,3,646,2027-05-28,55962.98
588,15,1,413,2026-06-21,31065.86
589,12,1,658,2026-09-27,42506.8
590,21,3,606,2027-06-17,47492.22
591,12,5,801,2027-03-30,51744.6
592,21,1,96,2026-11-25,7523.52
593,4,4,693,2026-09-29,39286.17
594,11,1,570,2026-11-18,43764.6
595,20,5,808,2026-05-30,181080.88
596,8,1,346,2026-09-21,92707.24
597,1,2,582,2026-09-01,146506.86
598,9,5,643,2027-02-15,158782.42
599,2,5,486,2026-04-26,111104.46
600,4,2,463,2026-07-13,26247.47
601,9,5,111,2026-10-19,27410.34
602,12,4,115,2027-05-16,7429.0
603,6,3,540,2026-08-14,143893.8
604,11,5,755,2026-11-11,57968.9
605,3,4,149,2027-02-07,46583.36
606,15,3,508,2027-01-13,38211.76
607,5,3,86,2026-11-10,11178.28
608,16,1,699,2027-02-23,60484.47
609,18,1,890,2026-10-22,99973.7
610,23,4,700,2027-04-08,177646.0
611,10,1,774,2026-07-23,222695.28
612,10,4,606,2027-03-02,174358.32
613,23,3,655,2026-12-04,166225.9
614,11,4,181,2026-08-14,13897.18
615,10,3,320,2026-09-13,92070.4
616,15,5,688,2026-11-21,51751.36
617,19,5,357,2027-02-14,93191.28
618,18,2,839,2026-07-28,94244.87
619,16,5,868,2026-08-21,75108.04
620,6,4,796,2026-06-01,212110.12
621,23,1,886,2026-05-09,224849.08
622,22,1,301,2027-05-04,65852.78
623,16,1,696,2027-02-05,60224.88
624,21,4,222,2026-08-02,17398.14
625,24,5,431,2026-09-27,25954.82
626,25,1,213,2027-04-12,46830.18
627,19,4,530,2027-04-16,138351.2
628,8,5,268,2027-01-09,71807.92
629,1,3,519,2026-11-16,130647.87
630,5,2,748,2026-05-14,97225.04
631,4,4,348,2027-01-11,19728.12
632,11,4,673,2026-09-16,51672.94
633,3,4,255,2026-12-16,79723.2
634,20,3,800,2026-08-29,179288.0
635,2,4,390,2027-05-31,89157.9
636,25,4,474,2026-12-16,104213.64
637,19,4,235,2026-06-14,61344.4
638,24,5,897,2027-05-08,54017.34
639,2,4,494,2026-08-16,112933.34
640,23,3,263,2026-05-24,66744.14
641,11,1,285,2026-08-07,21882.3
642,23,5,825,2026-04-09,209368.5
643,8,3,538,2027-05-14,144151.72
644,1,2,629,2026-10-25,158338.17
645,22,5,156,2026-11-13,34129.68
646,19,3,580,2026-02-08,151403.2
647,4,2,336,2026-03-12,19047.84
648,9,1,351,2027-02-01,86675.94
649,10,4,339,2026-08-24,97537.08
650,5,2,668,2026-12-31,86826.64
651,18,5,474,2027-01-07,53244.42
652,2,5,426,2026-02-06,97387.86
653,3,1,824,2026-09-02,257615.36
654,16,5,246,2026-08-13,21286.38
655,6,2,403,2026-08-26,107387.41
656,9,2,611,2026-02-11,150880.34
657,2,4,753,2026-11-11,172143.33
658,12,2,296,2026-02-02,19121.6
659,10,5,717,2026-09-22,206295.24
660,9,4,215,2027-03-05,53092.1
661,12,3,820,2026-02-23,52972.0
662,2,5,788,2026-09-13,180144.68
663,7,5,814,2027-05-21,70516.82
664,1,1,313,2026-09-30,78791.49
665,24,2,222,2026-09-25,13368.84
666,9,4,299,2026-10-06,73835.06
667,5,4,241,2026-02-04,31325.18
668,17,3,227,2027-06-23,34054.54
669,13,1,329,2026-12-22,79920.68
670,2,1,395,2026-05-17,90300.95
671,23,4,661,2027-03-25,167748.58
672,25,5,354,2026-12-25,77830.44
673,13,1,224,2027-01-19,54414.08
674,15,4,884,2027-04-22,66494.48
675,14,2,764,2027-04-08,99228.32
676,12,5,430,2027-01-20,27778.0
677,14,5,790,2026-02-18,102605.2
678,13,2,318,2026-06-22,77248.56
679,12,5,543,2026-11-23,35077.8
680,13,5,676,2026-04-17,164213.92
681,24,3,499,2026-07-30,30049.78
682,5,1,348,2027-05-15,45233.04
683,22,1,648,2026-11-17,141769.44
684,2,3,855,2026-05-10,195461.55
685,16,5,358,2026-10-09,30977.74
686,11,3,895,2027-05-07,68718.1
687,8,1,653,2027-03-24,174964.82
688,8,5,72,2026-02-22,19291.68
689,25,1,663,2026-06-01,145767.18
690,25,1,892,2026-09-14,196115.12
691,14,5,532,2027-02-16,69096.16
692,9,1,624,2026-09-02,154090.56
693,25,3,736,2026-11-14,161816.96
694,4,3,821,2026-06-12,46542.49
695,7,4,620,2026-06-11,53710.6
696,3,2,786,2026-07-29,245735.04
697,3,3,444,2027-02-05,138812.16
698,8,3,113,2026-02-25,30277.22
699,15,4,632,2026-05-02,47539.04
700,7,1,495,2027-04-23,42881.85
701,9,1,523,2026-11-06,129149.62
702,16,4,80,2026-02-03,6922.4
703,4,2,542,2027-02-16,30725.98
704,1,2,260,2026-02-07,65449.8
705,7,5,734,2026-02-09,63586.42
706,2,2,230,2026-06-19,52580.3
707,11,2,449,2027-01-24,34474.22
708,25,4,283,2026-04-15,62220.38
709,10,3,383,2026-10-16,110196.76
710,25,3,199,2026-01-31,43752.14
711,14,2,780,2026-02-10,101306.4
712,20,1,302,2026-04-05,67681.22
713,8,1,373,2026-02-20,99941.62
714,16,3,224,2026-05-31,19382.72
715,8,5,766,2026-09-01,205242.04
716,21,2,714,2027-05-26,55956.18
717,16,1,328,2026-04-01,28381.84
718,4,4,887,2027-01-15,50284.03
719,18,1,825,2026-06-12,92672.25
720,23,5,453,2027-03-11,114962.34
721,25,4,233,2027-04-04,51227.38
722,17,3,179,2026-07-06,26853.58
723,15,4,445,2027-05-24,33472.9
724,9,4,262,2026-09-28,64698.28
725,12,5,97,2026-03-21,6266.2
726,22,2,814,2027-04-17,178086.92
727,4,3,341,2026-10-03,19331.29
728,7,1,798,2026-12-02,69130.74
729,4,3,333,2027-01-10,18877.77
730,14,3,103,2027-02-06,13377.64
731,7,3,622,2027-04-27,53883.86
732,23,5,845,2027-01-04,214444.1
733,25,4,202,2026-12-12,44411.72
734,23,5,541,2026-12-15,137294.98
735,23,3,367,2026-10-03,93137.26
736,6,4,311,2026-09-20,82872.17
737,13,3,138,2027-01-09,33522.96
738,21,4,874,2027-06-12,68495.38
739,6,3,875,2027-06-01,233161.25
740,4,3,587,2026-12-19,33277.03
741,7,4,347,2026-11-11,30060.61
742,11,3,581,2026-10-30,44609.18
743,15,1,856,2027-01-31,64388.32
744,22,3,893,2027-02-16,195370.54
745,5,5,496,2026-08-15,64470.08
746,17,1,618,2026-07-09,92712.36
747,25,4,394,2026-08-17,86624.84
748,11,5,546,2026-06-20,41921.88
749,10,3,633,2027-02-18,182126.76
750,4,2,857,2027-06-20,48583.33
751,10,2,158,2026-05-11,45459.76
752,9,3,821,2026-07-28,202737.74
753,18,1,646,2026-08-30,72565.18
754,18,3,248,2026-12-30,27857.84
755,6,2,754,2027-05-25,200918.38
756,24,4,233,2027-02-28,14031.26
757,11,5,835,2026-07-07,64111.3
758,11,1,417,2026-03-15,32017.26
759,8,5,643,2026-10-14,172285.42
760,15,2,320,2026-12-21,24070.4
761,11,3,608,2027-06-19,46682.24
762,12,2,754,2026-12-23,48708.4
763,19,5,512,2026-07-13,133652.48
764,6,4,841,2027-04-02,224101.27
765,18,4,837,2026-09-10,94020.21
766,15,2,470,2026-11-04,35353.4
767,5,4,477,2027-05-06,62000.46
768,19,2,171,2026-04-26,44637.84
769,19,3,670,2026-05-31,174896.8
770,12,5,151,2026-05-09,9754.6
771,5,3,448,2026-06-07,58231.04
772,22,5,777,2027-05-29,169992.06
773,25,3,176,2026-05-24,38695.36
774,19,3,877,2026-12-27,228932.08
775,18,2,531,2026-10-09,59647.23
776,12,3,479,2026-09-12,30943.4
777,7,3,827,2026-04-07,71643.01
778,25,4,459,2027-04-05,100915.74
779,25,4,225,2026-07-11,49468.5
780,25,1,610,2026-11-22,134114.6
781,11,4,721,2026-11-11,55358.38
782,20,3,276,2026-05-18,61854.36
783,7,1,223,2027-02-25,19318.49
784,2,3,879,2026-12-21,200948.19
785,20,4,367,2026-05-23,82248.37
786,21,2,289,2026-05-05,22648.93
787,12,3,574,2026-09-14,37080.4
788,1,2,698,2027-01-14,175707.54
789,19,5,427,2026-11-22,111464.08
790,6,2,569,2026-10-11,151621.43
791,22,4,880,2026-09-23,192526.4
792,1,1,317,2026-02-13,79798.41
793,9,5,765,2027-06-13,188909.1
794,18,2,825,2026-11-16,92672.25
795,22,5,513,2026-07-27,112234.14
796,20,3,247,2026-11-22,55355.17
797,10,1,121,2027-03-22,34814.12
798,18,4,517,2026-05-16,58074.61
799,24,3,455,2027-05-26,27400.1
800,15,5,528,2026-06-26,39716.16
801,4,5,147,2026-12-24,8333.43
802,16,4,189,2027-01-31,16354.17
803,6,4,117,2026-12-11,31176.99
804,18,1,559,2026-07-26,62792.47
805,23,3,458,2026-03-16,116231.24
806,5,4,124,2026-10-10,16117.52
807,21,3,519,2027-05-16,40674.03
808,14,1,645,2026-04-14,83772.6
809,8,4,892,2027-04-18,239002.48
810,4,1,516,2026-10-15,29252.04
811,5,1,449,2026-03-01,58361.02
812,25,2,675,2026-12-07,148405.5
813,4,5,120,2027-01-16,6802.8
814,3,2,476,2026-07-17,148816.64
815,16,1,513,2026-07-28,44389.89
816,10,2,635,2027-02-20,182702.2
817,25,3,693,2026-08-15,152362.98
818,16,5,818,2026-08-17,70781.54
819,5,3,241,2027-01-02,31325.18
820,23,5,702,2027-06-20,178153.56
821,14,2,769,2027-05-06,99877.72
822,13,5,752,2027-01-15,182675.84
823,20,5,799,2026-06-23,179063.89
824,17,3,698,2026-04-15,104713.96
825,25,1,512,2026-03-11,112568.32
826,9,5,877,2026-10-23,216566.38
827,12,3,723,2027-01-07,46705.8
828,17,5,849,2026-10-29,127366.98
829,8,1,83,2027-05-10,22239.02
830,10,3,385,2027-04-26,110772.2
831,6,5,413,2026-08-19,110052.11
832,14,4,842,2026-08-11,109358.96
833,19,1,805,2026-12-22,210137.2
834,11,4,448,2026-11-11,34397.44
835,23,5,672,2027-02-26,170540.16
836,20,4,459,2027-03-24,102866.49
837,22,3,314,2026-05-05,68696.92
838,13,5,514,2026-07-27,124860.88
839,23,5,306,2026-03-16,77656.68
840,21,2,852,2026-08-02,66771.24
841,14,2,743,2026-05-18,96500.84
842,20,3,296,2027-04-12,66336.56
843,7,5,697,2026-12-27,60381.11
844,21,4,195,2027-04-06,15282.15
845,1,2,786,2026-09-17,197859.78
846,5,4,795,2026-09-10,103334.1
847,10,5,493,2026-08-31,141845.96
848,22,5,795,2026-06-20,173930.1
849,19,3,624,2027-04-03,162888.96
850,12,2,262,2026-07-18,16925.2
851,13,5,245,2026-06-18,59515.4
852,13,1,480,2026-02-07,116601.6
853,20,2,145,2027-05-19,32495.95
854,18,5,192,2027-06-01,21567.36
855,25,5,498,2027-06-08,109490.28
856,19,3,534,2026-08-10,139395.36
857,22,3,700,2026-12-12,153146.0
858,10,3,813,2026-10-28,233916.36
859,9,3,746,2026-09-06,184217.24
860,7,5,275,2026-09-22,23823.25
861,1,4,406,2026-08-12,102202.38
862,6,2,800,2027-06-02,213176.0
863,7,4,669,2026-07-11,57955.47
864,16,1,254,2027-06-13,21978.62
865,24,3,343,2026-04-23,20655.46
866,25,2,505,2026-06-28,111029.3
867,13,3,730,2026-05-22,177331.6
868,15,5,614,2027-01-12,46185.08
869,21,3,93,2026-04-19,7288.41
870,23,5,336,2026-02-26,85270.08
871,14,1,569,2027-04-23,73901.72
872,15,2,811,2027-04-06,61003.42
873,23,1,293,2027-02-28,74357.54
874,10,2,294,2026-07-08,84589.68
875,23,1,873,2026-10-23,221549.94
876,13,5,852,2027-04-29,206967.84
877,23,3,107,2027-06-07,27154.46
878,3,1,789,2027-05-20,246672.96
879,4,3,806,2027-05-14,45692.14
880,20,5,831,2026-10-02,186235.41
881,2,4,233,2026-12-28,53266.13
882,4,5,346,2026-03-14,19614.74
883,23,3,250,2027-04-11,63445.0
884,10,3,801,2026-11-01,230463.72
885,23,1,887,2026-11-04,225102.86
886,21,5,262,2026-10-15,20532.94
887,6,3,530,2027-06-12,141229.1
888,4,5,737,2027-06-07,41780.53
889,7,5,68,2027-01-26,5890.84
890,18,1,891,2026-11-28,100086.03
891,6,2,406,2026-04-11,108186.82
892,19,5,400,2027-06-16,104416.0
893,11,1,65,2026-06-29,4990.7
894,5,3,93,2027-06-05,12088.14
895,6,4,751,2026-05-19,200118.97
896,14,3,158,2026-07-15,20521.04
897,11,3,407,2027-03-30,31249.46
898,17,2,142,2026-12-04,21302.84
899,25,3,709,2026-09-12,155880.74
