po_id,order_date,drug_id,location_id,supplier_id,ordered_qty,received_qty,planned_lead_time,actual_lead_time,expected_date,actual_date,late_flag
1,2026-10-09,12,1,4,423,423,25,30,2026-11-03,2026-11-08,1
2,2026-01-06,19,5,4,1027,1027,25,25,2026-01-31,2026-01-31,0
3,2026-08-29,22,5,4,181,181,25,25,2026-09-23,2026-09-23,0
4,2026-01-21,22,2,3,212,212,18,18,2026-02-08,2026-02-08,0
5,2026-02-19,6,5,3,1050,1050,18,18,2026-03-09,2026-03-09,0
6,2026-06-22,2,5,4,534,534,25,25,2026-07-17,2026-07-17,0
7,2026-03-10,5,3,1,230,230,7,8,2026-03-17,2026-03-18,1
8,2026-08-04,21,1,1,1257,1257,7,7,2026-08-11,2026-08-11,0
9,2026-08-30,17,3,2,291,291,12,12,2026-09-11,2026-09-11,0
10,2026-02-17,13,1,1,356,356,7,9,2026-02-24,2026-02-26,1
11,2026-05-28,19,2,4,1018,1018,25,25,2026-06-22,2026-06-22,0
12,2026-11-12,23,4,3,402,402,18,21,2026-11-30,2026-12-03,1
13,2026-03-22,24,3,3,518,518,18,18,2026-04-09,2026-04-09,0
14,2026-07-26,19,5,1,914,914,7,12,2026-08-02,2026-08-07,1
15,2026-07-25,8,4,1,769,769,7,7,2026-08-01,2026-08-01,0
16,2026-09-23,18,4,1,734,734,7,7,2026-09-30,2026-09-30,0
17,2026-04-07,23,5,1,734,734,7,7,2026-04-14,2026-04-14,0
18,2026-04-13,7,4,4,173,173,25,26,2026-05-08,2026-05-09,1
19,2026-07-31,23,4,3,671,671,18,18,2026-08-18,2026-08-18,0
20,2026-04-14,1,1,3,833,833,18,20,2026-05-02,2026-05-04,1
21,2026-06-01,22,4,4,296,296,25,25,2026-06-26,2026-06-26,0
22,2026-01-04,6,3,4,1439,1231,25,26,2026-01-29,2026-01-30,1
23,2026-11-05,21,2,2,648,648,12,12,2026-11-17,2026-11-17,0
24,2026-10-22,7,3,4,310,310,25,25,2026-11-16,2026-11-16,0
25,2026-05-11,19,5,4,573,573,25,25,2026-06-05,2026-06-05,0
26,2026-08-12,16,5,1,257,257,7,7,2026-08-19,2026-08-19,0
27,2026-06-18,2,5,2,493,493,12,12,2026-06-30,2026-06-30,0
28,2026-04-13,10,4,3,321,321,18,18,2026-05-01,2026-05-01,0
29,2026-02-08,20,2,2,355,355,12,19,2026-02-20,2026-02-27,1
30,2026-07-29,14,3,2,1396,1396,12,14,2026-08-10,2026-08-12,1
31,2026-10-24,13,4,4,547,547,25,25,2026-11-18,2026-11-18,0
32,2026-06-10,1,5,2,422,422,12,15,2026-06-22,2026-06-25,1
33,2026-08-15,18,2,3,713,713,18,20,2026-09-02,2026-09-04,1
34,2026-05-04,20,5,1,493,493,7,7,2026-05-11,2026-05-11,0
35,2026-03-15,14,5,3,889,889,18,25,2026-04-02,2026-04-09,1
36,2026-03-02,5,2,4,268,268,25,28,2026-03-27,2026-03-30,1
37,2026-11-07,18,4,2,1049,1049,12,12,2026-11-19,2026-11-19,0
38,2026-01-07,1,2,1,823,823,7,8,2026-01-14,2026-01-15,1
39,2026-03-21,8,4,2,982,982,12,12,2026-04-02,2026-04-02,0
40,2026-09-10,17,2,3,194,194,18,18,2026-09-28,2026-09-28,0
41,2026-10-29,24,4,4,746,746,25,25,2026-11-23,2026-11-23,0
42,2026-06-04,19,5,4,774,774,25,27,2026-06-29,2026-07-01,1
43,2026-10-22,25,4,4,420,420,25,26,2026-11-16,2026-11-17,1
44,2026-06-29,7,3,2,363,363,12,12,2026-07-11,2026-07-11,0
45,2026-09-04,19,1,1,836,836,7,12,2026-09-11,2026-09-16,1
46,2026-06-03,10,5,2,664,664,12,13,2026-06-15,2026-06-16,1
47,2026-03-31,6,5,1,883,883,7,10,2026-04-07,2026-04-10,1
48,2026-09-18,23,3,1,530,530,7,7,2026-09-25,2026-09-25,0
49,2026-03-11,25,3,4,1154,1154,25,25,2026-04-05,2026-04-05,0
50,2026-11-10,22,4,4,266,266,25,25,2026-12-05,2026-12-05,0
51,2026-06-12,9,5,4,831,831,25,25,2026-07-07,2026-07-07,0
52,2026-05-11,22,3,3,309,309,18,23,2026-05-29,2026-06-03,1
53,2026-10-22,11,5,2,393,393,12,13,2026-11-03,2026-11-04,1
54,2026-01-02,25,5,2,550,550,12,12,2026-01-14,2026-01-14,0
55,2026-01-02,20,4,1,308,308,7,12,2026-01-09,2026-01-14,1
56,2026-09-05,13,3,1,598,598,7,7,2026-09-12,2026-09-12,0
57,2026-06-25,15,5,3,443,443,18,18,2026-07-13,2026-07-13,0
58,2026-05-12,3,2,3,901,901,18,21,2026-05-30,2026-06-02,1
59,2026-08-21,10,5,4,762,762,25,27,2026-09-15,2026-09-17,1
60,2026-06-01,25,3,3,487,487,18,20,2026-06-19,2026-06-21,1
61,2026-07-13,3,5,1,1059,873,7,12,2026-07-20,2026-07-25,1
62,2026-08-20,3,1,1,752,752,7,7,2026-08-27,2026-08-27,0
63,2026-11-07,6,3,1,595,595,7,8,2026-11-14,2026-11-15,1
64,2026-09-21,17,2,3,339,339,18,20,2026-10-09,2026-10-11,1
65,2026-01-27,1,5,1,1124,840,7,9,2026-02-03,2026-02-05,1
66,2026-02-15,12,3,4,403,403,25,25,2026-03-12,2026-03-12,0
67,2026-03-13,17,3,2,295,295,12,19,2026-03-25,2026-04-01,1
68,2026-09-10,15,4,4,583,583,25,32,2026-10-05,2026-10-12,1
69,2026-02-09,2,1,2,879,879,12,12,2026-02-21,2026-02-21,0
70,2026-02-08,20,2,2,503,503,12,12,2026-02-20,2026-02-20,0
71,2026-06-12,23,1,2,828,828,12,19,2026-06-24,2026-07-01,1
72,2026-09-18,4,4,3,1194,1194,18,21,2026-10-06,2026-10-09,1
73,2026-01-19,16,3,3,174,174,18,18,2026-02-06,2026-02-06,0
74,2026-06-09,1,5,3,406,406,18,23,2026-06-27,2026-07-02,1
75,2026-01-14,2,3,1,540,540,7,7,2026-01-21,2026-01-21,0
76,2026-02-28,15,3,1,642,642,7,7,2026-03-07,2026-03-07,0
77,2026-10-20,10,3,1,504,504,7,10,2026-10-27,2026-10-30,1
78,2026-02-22,7,2,2,148,148,12,12,2026-03-06,2026-03-06,0
79,2026-10-17,16,3,1,362,362,7,9,2026-10-24,2026-10-26,1
80,2026-03-22,22,1,3,277,277,18,19,2026-04-09,2026-04-10,1
81,2026-07-31,15,4,3,473,473,18,18,2026-08-18,2026-08-18,0
82,2026-02-10,4,3,3,547,547,18,18,2026-02-28,2026-02-28,0
83,2026-01-25,2,3,2,878,878,12,12,2026-02-06,2026-02-06,0
84,2026-05-11,13,5,2,787,787,12,12,2026-05-23,2026-05-23,0
85,2026-11-25,25,5,1,956,956,7,8,2026-12-02,2026-12-03,1
86,2026-06-02,15,2,1,341,341,7,7,2026-06-09,2026-06-09,0
87,2026-02-03,15,2,3,571,571,18,18,2026-02-21,2026-02-21,0
88,2026-06-05,25,4,1,1096,1096,7,7,2026-06-12,2026-06-12,0
89,2026-07-30,10,5,1,658,658,7,8,2026-08-06,2026-08-07,1
90,2026-06-17,4,1,2,460,460,12,12,2026-06-29,2026-06-29,0
91,2026-03-14,25,5,4,1054,1054,25,25,2026-04-08,2026-04-08,0
92,2026-02-09,8,5,3,964,964,18,18,2026-02-27,2026-02-27,0
93,2026-02-17,11,2,1,720,720,7,7,2026-02-24,2026-02-24,0
94,2026-09-21,21,3,1,631,631,7,7,2026-09-28,2026-09-28,0
95,2026-11-05,24,3,2,715,715,12,12,2026-11-17,2026-11-17,0
96,2026-03-01,8,2,3,398,398,18,25,2026-03-19,2026-03-26,1
97,2026-04-07,3,4,3,1015,1015,18,18,2026-04-25,2026-04-25,0
98,2026-09-26,1,3,4,514,514,25,25,2026-10-21,2026-10-21,0
99,2026-10-14,16,4,2,210,210,12,13,2026-10-26,2026-10-27,1
100,2026-02-27,25,1,1,409,409,7,7,2026-03-06,2026-03-06,0
101,2026-03-26,15,4,1,440,440,7,7,2026-04-02,2026-04-02,0
102,2026-03-06,10,1,2,698,698,12,12,2026-03-18,2026-03-18,0
103,2026-11-20,13,4,4,706,706,25,25,2026-12-15,2026-12-15,0
104,2026-03-22,24,1,4,463,463,25,30,2026-04-16,2026-04-21,1
105,2026-07-18,15,3,3,360,360,18,18,2026-08-05,2026-08-05,0
106,2026-11-16,24,3,3,576,576,18,18,2026-12-04,2026-12-04,0
107,2026-02-02,8,2,4,467,467,25,25,2026-02-27,2026-02-27,0
108,2026-08-19,2,5,2,619,619,12,12,2026-08-31,2026-08-31,0
109,2026-11-17,4,1,2,480,480,12,15,2026-11-29,2026-12-02,1
110,2026-06-28,21,1,4,929,929,25,25,2026-07-23,2026-07-23,0
111,2026-06-21,4,2,1,1226,1226,7,7,2026-06-28,2026-06-28,0
112,2026-07-28,21,3,2,673,673,12,19,2026-08-09,2026-08-16,1
113,2026-05-11,7,2,4,215,215,25,26,2026-06-05,2026-06-06,1
114,2026-03-03,3,3,1,793,793,7,7,2026-03-10,2026-03-10,0
115,2026-07-11,8,5,4,822,822,25,25,2026-08-05,2026-08-05,0
116,2026-01-20,5,1,2,353,353,12,12,2026-02-01,2026-02-01,0
117,2026-09-04,15,1,2,418,418,12,12,2026-09-16,2026-09-16,0
118,2026-01-08,17,3,3,183,183,18,18,2026-01-26,2026-01-26,0
119,2026-07-06,22,2,3,303,303,18,18,2026-07-24,2026-07-24,0
120,2026-01-27,9,1,1,681,681,7,7,2026-02-03,2026-02-03,0
121,2026-02-20,25,3,2,925,925,12,17,2026-03-04,2026-03-09,1
122,2026-03-04,8,4,3,896,896,18,18,2026-03-22,2026-03-22,0
123,2026-05-23,6,1,1,1234,1234,7,9,2026-05-30,2026-06-01,1
124,2026-06-05,1,1,2,661,661,12,13,2026-06-17,2026-06-18,1
125,2026-09-08,17,4,2,475,475,12,12,2026-09-20,2026-09-20,0
126,2026-09-06,12,5,4,386,386,25,30,2026-10-01,2026-10-06,1
127,2026-02-14,11,3,3,451,451,18,18,2026-03-04,2026-03-04,0
128,2026-06-19,9,4,1,1214,1214,7,7,2026-06-26,2026-06-26,0
129,2026-08-04,16,4,3,199,199,18,18,2026-08-22,2026-08-22,0
130,2026-11-18,22,5,2,291,291,12,12,2026-11-30,2026-11-30,0
131,2026-01-08,13,3,4,748,748,25,25,2026-02-02,2026-02-02,0
132,2026-09-28,3,3,1,814,814,7,8,2026-10-05,2026-10-06,1
133,2026-09-30,13,4,2,541,541,12,13,2026-10-12,2026-10-13,1
134,2026-03-18,3,4,3,582,582,18,18,2026-04-05,2026-04-05,0
135,2026-06-03,14,5,4,537,537,25,25,2026-06-28,2026-06-28,0
136,2026-06-27,14,4,1,1520,1520,7,8,2026-07-04,2026-07-05,1
137,2026-07-14,6,2,2,936,936,12,12,2026-07-26,2026-07-26,0
138,2026-07-22,17,4,1,271,271,7,14,2026-07-29,2026-08-05,1
139,2026-07-04,3,3,2,821,821,12,12,2026-07-16,2026-07-16,0
140,2026-02-26,16,4,2,352,352,12,13,2026-03-10,2026-03-11,1
141,2026-11-08,25,5,1,450,450,7,7,2026-11-15,2026-11-15,0
142,2026-02-21,20,1,4,597,597,25,25,2026-03-18,2026-03-18,0
143,2026-01-29,11,2,1,344,344,7,7,2026-02-05,2026-02-05,0
144,2026-04-01,3,5,3,569,569,18,20,2026-04-19,2026-04-21,1
145,2026-10-17,1,5,4,645,645,25,25,2026-11-11,2026-11-11,0
146,2026-04-07,21,1,4,509,509,25,26,2026-05-02,2026-05-03,1
147,2026-03-04,4,1,2,933,933,12,12,2026-03-16,2026-03-16,0
148,2026-05-25,20,2,4,571,571,25,25,2026-06-19,2026-06-19,0
149,2026-08-07,7,5,1,260,260,7,8,2026-08-14,2026-08-15,1
150,2026-10-16,12,2,4,407,407,25,25,2026-11-10,2026-11-10,0
151,2026-05-13,8,1,1,383,383,7,7,2026-05-20,2026-05-20,0
152,2026-02-10,12,2,3,432,432,18,20,2026-02-28,2026-03-02,1
153,2026-11-09,16,1,3,198,198,18,21,2026-11-27,2026-11-30,1
154,2026-01-28,4,1,3,1118,1118,18,20,2026-02-15,2026-02-17,1
155,2026-04-26,11,2,4,277,277,25,25,2026-05-21,2026-05-21,0
156,2026-01-15,23,3,3,664,664,18,25,2026-02-02,2026-02-09,1
157,2026-03-24,23,1,3,502,502,18,18,2026-04-11,2026-04-11,0
158,2026-01-15,13,3,1,266,266,7,7,2026-01-22,2026-01-22,0
159,2026-04-25,6,5,3,513,513,18,20,2026-05-13,2026-05-15,1
160,2026-11-21,18,4,2,827,827,12,17,2026-12-03,2026-12-08,1
161,2026-02-19,17,2,2,435,435,12,12,2026-03-03,2026-03-03,0
162,2026-10-19,21,1,3,1156,1156,18,20,2026-11-06,2026-11-08,1
163,2026-07-01,12,5,2,585,585,12,17,2026-07-13,2026-07-18,1
164,2026-03-18,3,2,2,477,477,12,12,2026-03-30,2026-03-30,0
165,2026-01-18,15,5,1,641,641,7,7,2026-01-25,2026-01-25,0
166,2026-01-28,21,5,4,903,903,25,30,2026-02-22,2026-02-27,1
167,2026-01-03,13,2,4,694,694,25,25,2026-01-28,2026-01-28,0
168,2026-05-09,7,4,2,300,300,12,12,2026-05-21,2026-05-21,0
169,2026-03-28,23,4,3,933,933,18,21,2026-04-15,2026-04-18,1
170,2026-06-10,12,2,3,900,900,18,18,2026-06-28,2026-06-28,0
171,2026-04-16,11,3,1,417,417,7,10,2026-04-23,2026-04-26,1
172,2026-09-29,13,2,2,531,531,12,14,2026-10-11,2026-10-13,1
173,2026-05-06,13,4,2,414,392,12,12,2026-05-18,2026-05-18,0
174,2026-05-02,6,3,3,1360,1360,18,23,2026-05-20,2026-05-25,1
175,2026-08-24,23,4,1,764,764,7,7,2026-08-31,2026-08-31,0
176,2026-05-20,5,4,3,431,431,18,18,2026-06-07,2026-06-07,0
177,2026-02-05,14,4,4,987,987,25,32,2026-03-02,2026-03-09,1
178,2026-11-10,21,5,4,1001,1001,25,25,2026-12-05,2026-12-05,0
179,2026-09-13,14,4,4,745,745,25,27,2026-10-08,2026-10-10,1
180,2026-05-25,18,3,3,939,939,18,18,2026-06-12,2026-06-12,0
181,2026-09-12,16,3,3,218,218,18,18,2026-09-30,2026-09-30,0
182,2026-07-04,15,3,2,832,832,12,12,2026-07-16,2026-07-16,0
183,2026-09-05,1,5,1,768,651,7,7,2026-09-12,2026-09-12,0
184,2026-04-13,13,5,4,380,380,25,25,2026-05-08,2026-05-08,0
185,2026-08-30,3,2,4,1104,1104,25,25,2026-09-24,2026-09-24,0
186,2026-06-16,22,5,3,112,112,18,18,2026-07-04,2026-07-04,0
187,2026-04-07,11,2,1,754,754,7,8,2026-04-14,2026-04-15,1
188,2026-01-20,5,2,1,330,330,7,12,2026-01-27,2026-02-01,1
189,2026-02-23,6,2,3,1399,1399,18,18,2026-03-13,2026-03-13,0
190,2026-09-04,25,1,3,882,882,18,18,2026-09-22,2026-09-22,0
191,2026-08-16,15,3,3,505,505,18,18,2026-09-03,2026-09-03,0
192,2026-01-28,20,4,2,367,367,12,12,2026-02-09,2026-02-09,0
193,2026-06-02,25,3,1,931,931,7,7,2026-06-09,2026-06-09,0
194,2026-10-26,7,3,1,168,168,7,7,2026-11-02,2026-11-02,0
195,2026-07-09,19,2,1,648,648,7,14,2026-07-16,2026-07-23,1
196,2026-10-27,23,3,1,1019,1019,7,9,2026-11-03,2026-11-05,1
197,2026-02-20,5,3,4,538,538,25,25,2026-03-17,2026-03-17,0
198,2026-08-02,6,5,3,1510,1510,18,23,2026-08-20,2026-08-25,1
199,2026-10-25,17,1,2,255,255,12,12,2026-11-06,2026-11-06,0
200,2026-10-23,21,4,2,1240,1240,12,12,2026-11-04,2026-11-04,0
201,2026-01-24,20,1,4,792,792,25,25,2026-02-18,2026-02-18,0
202,2026-08-29,9,4,4,631,631,25,25,2026-09-23,2026-09-23,0
203,2026-01-01,11,1,2,299,299,12,12,2026-01-13,2026-01-13,0
204,2026-03-01,15,2,1,486,486,7,9,2026-03-08,2026-03-10,1
205,2026-01-12,12,1,3,771,771,18,18,2026-01-30,2026-01-30,0
206,2026-09-17,1,2,1,881,881,7,7,2026-09-24,2026-09-24,0
207,2026-07-14,22,5,4,264,264,25,25,2026-08-08,2026-08-08,0
208,2026-09-10,10,4,1,329,329,7,7,2026-09-17,2026-09-17,0
209,2026-03-22,9,2,3,1041,1041,18,23,2026-04-09,2026-04-14,1
210,2026-11-22,2,1,1,831,831,7,7,2026-11-29,2026-11-29,0
211,2026-05-20,6,3,4,1222,1222,25,32,2026-06-14,2026-06-21,1
212,2026-09-01,6,3,3,1439,1439,18,18,2026-09-19,2026-09-19,0
213,2026-02-15,22,4,3,199,199,18,18,2026-03-05,2026-03-05,0
214,2026-03-06,1,1,2,855,855,12,12,2026-03-18,2026-03-18,0
215,2026-05-06,8,2,2,695,695,12,12,2026-05-18,2026-05-18,0
216,2026-01-30,3,3,4,515,515,25,25,2026-02-24,2026-02-24,0
217,2026-03-29,8,2,1,527,527,7,7,2026-04-05,2026-04-05,0
218,2026-01-09,2,5,2,645,645,12,12,2026-01-21,2026-01-21,0
219,2026-01-18,9,2,1,1201,1201,7,7,2026-01-25,2026-01-25,0
220,2026-08-07,14,2,4,1427,1427,25,26,2026-09-01,2026-09-02,1
221,2026-01-08,3,4,3,746,746,18,18,2026-01-26,2026-01-26,0
222,2026-03-02,12,3,4,437,437,25,25,2026-03-27,2026-03-27,0
223,2026-08-16,2,2,2,618,618,12,12,2026-08-28,2026-08-28,0
224,2026-05-08,9,3,1,719,719,7,7,2026-05-15,2026-05-15,0
225,2026-07-28,7,1,1,275,275,7,7,2026-08-04,2026-08-04,0
226,2026-02-07,6,1,4,903,903,25,25,2026-03-04,2026-03-04,0
227,2026-07-07,12,4,2,607,607,12,12,2026-07-19,2026-07-19,0
228,2026-01-28,22,2,4,321,321,25,32,2026-02-22,2026-03-01,1
229,2026-01-21,22,4,2,202,202,12,12,2026-02-02,2026-02-02,0
230,2026-03-13,18,1,2,1126,1126,12,13,2026-03-25,2026-03-26,1
231,2026-07-08,7,2,2,211,211,12,14,2026-07-20,2026-07-22,1
232,2026-01-23,10,1,1,452,452,7,7,2026-01-30,2026-01-30,0
233,2026-02-14,19,5,2,1318,1318,12,12,2026-02-26,2026-02-26,0
234,2026-01-04,17,1,2,455,455,12,12,2026-01-16,2026-01-16,0
235,2026-07-22,12,4,4,908,908,25,25,2026-08-16,2026-08-16,0
236,2026-03-06,7,3,2,348,348,12,12,2026-03-18,2026-03-18,0
237,2026-09-16,10,4,2,689,689,12,12,2026-09-28,2026-09-28,0
238,2026-11-17,16,1,3,365,365,18,23,2026-12-05,2026-12-10,1
239,2026-02-27,20,2,1,409,409,7,12,2026-03-06,2026-03-11,1
240,2026-10-05,24,5,3,733,733,18,18,2026-10-23,2026-10-23,0
241,2026-04-23,22,1,1,162,162,7,12,2026-04-30,2026-05-05,1
242,2026-06-27,4,5,4,630,630,25,26,2026-07-22,2026-07-23,1
243,2026-02-24,8,5,2,408,408,12,12,2026-03-08,2026-03-08,0
244,2026-02-14,8,4,2,631,631,12,17,2026-02-26,2026-03-03,1
245,2026-04-30,24,4,2,321,321,12,12,2026-05-12,2026-05-12,0
246,2026-08-06,7,4,3,390,390,18,18,2026-08-24,2026-08-24,0
247,2026-01-06,18,5,2,1074,1074,12,12,2026-01-18,2026-01-18,0
248,2026-11-01,5,3,1,453,453,7,7,2026-11-08,2026-11-08,0
249,2026-09-21,10,4,4,440,440,25,25,2026-10-16,2026-10-16,0
250,2026-05-27,17,2,3,323,323,18,23,2026-06-14,2026-06-19,1
251,2026-09-01,8,3,4,953,953,25,28,2026-09-26,2026-09-29,1
252,2026-03-23,23,4,2,868,868,12,12,2026-04-04,2026-04-04,0
253,2026-09-27,3,2,2,770,770,12,12,2026-10-09,2026-10-09,0
254,2026-02-20,4,3,4,578,578,25,25,2026-03-17,2026-03-17,0
255,2026-09-18,9,2,1,862,862,7,14,2026-09-25,2026-10-02,1
256,2026-10-14,5,5,2,382,382,12,13,2026-10-26,2026-10-27,1
257,2026-03-29,24,5,2,542,542,12,15,2026-04-10,2026-04-13,1
258,2026-11-13,24,2,4,894,894,25,25,2026-12-08,2026-12-08,0
259,2026-08-12,17,1,1,311,311,7,9,2026-08-19,2026-08-21,1
260,2026-09-23,7,1,2,270,270,12,14,2026-10-05,2026-10-07,1
261,2026-05-29,25,4,4,936,936,25,26,2026-06-23,2026-06-24,1
262,2026-08-09,21,1,3,1224,1224,18,18,2026-08-27,2026-08-27,0
263,2026-06-25,13,2,4,450,450,25,25,2026-07-20,2026-07-20,0
264,2026-03-28,18,4,3,683,683,18,18,2026-04-15,2026-04-15,0
265,2026-09-28,10,2,1,381,381,7,10,2026-10-05,2026-10-08,1
266,2026-05-30,12,1,4,537,537,25,30,2026-06-24,2026-06-29,1
267,2026-05-26,15,3,1,692,692,7,7,2026-06-02,2026-06-02,0
268,2026-03-12,20,4,3,627,627,18,20,2026-03-30,2026-04-01,1
269,2026-01-24,20,5,1,742,742,7,12,2026-01-31,2026-02-05,1
270,2026-07-26,23,5,3,776,776,18,23,2026-08-13,2026-08-18,1
271,2026-06-24,8,4,4,687,687,25,25,2026-07-19,2026-07-19,0
272,2026-06-14,8,3,1,383,383,7,8,2026-06-21,2026-06-22,1
273,2026-05-19,1,1,3,1055,1055,18,18,2026-06-06,2026-06-06,0
274,2026-08-14,16,1,3,227,227,18,21,2026-09-01,2026-09-04,1
275,2026-01-14,6,1,3,560,560,18,18,2026-02-01,2026-02-01,0
276,2026-06-06,20,1,1,543,543,7,7,2026-06-13,2026-06-13,0
277,2026-08-19,13,5,4,555,555,25,26,2026-09-13,2026-09-14,1
278,2026-02-13,5,5,1,326,326,7,12,2026-02-20,2026-02-25,1
279,2026-01-24,13,1,4,303,303,25,25,2026-02-18,2026-02-18,0
280,2026-06-07,20,3,2,775,775,12,12,2026-06-19,2026-06-19,0
281,2026-02-12,1,5,2,1152,1152,12,12,2026-02-24,2026-02-24,0
282,2026-05-19,13,5,3,745,745,18,19,2026-06-06,2026-06-07,1
283,2026-06-19,3,4,1,476,476,7,7,2026-06-26,2026-06-26,0
284,2026-03-05,25,4,3,837,837,18,23,2026-03-23,2026-03-28,1
285,2026-08-27,20,3,2,646,646,12,12,2026-09-08,2026-09-08,0
286,2026-01-30,7,4,2,264,264,12,12,2026-02-11,2026-02-11,0
287,2026-10-02,24,1,4,845,845,25,25,2026-10-27,2026-10-27,0
288,2026-09-06,15,5,1,785,649,7,7,2026-09-13,2026-09-13,0
289,2026-08-28,8,5,3,517,517,18,19,2026-09-15,2026-09-16,1
290,2026-04-24,1,2,3,864,722,18,18,2026-05-12,2026-05-12,0
291,2026-04-09,11,2,1,604,604,7,7,2026-04-16,2026-04-16,0
292,2026-09-14,16,3,1,373,373,7,7,2026-09-21,2026-09-21,0
293,2026-03-15,17,3,3,430,430,18,18,2026-04-02,2026-04-02,0
294,2026-02-24,19,4,2,702,702,12,12,2026-03-08,2026-03-08,0
295,2026-04-23,19,3,4,531,531,25,25,2026-05-18,2026-05-18,0
296,2026-08-04,23,3,3,416,416,18,18,2026-08-22,2026-08-22,0
297,2026-01-28,13,2,3,698,698,18,20,2026-02-15,2026-02-17,1
298,2026-06-17,11,2,1,634,634,7,10,2026-06-24,2026-06-27,1
299,2026-10-30,3,4,3,466,466,18,19,2026-11-17,2026-11-18,1
300,2026-07-20,13,2,4,494,494,25,27,2026-08-14,2026-08-16,1
301,2026-10-22,14,1,4,706,706,25,25,2026-11-16,2026-11-16,0
302,2026-03-10,23,4,1,633,633,7,7,2026-03-17,2026-03-17,0
303,2026-05-04,19,5,4,1285,1285,25,25,2026-05-29,2026-05-29,0
304,2026-05-27,15,2,1,408,408,7,9,2026-06-03,2026-06-05,1
305,2026-03-24,24,3,1,616,616,7,8,2026-03-31,2026-04-01,1
306,2026-02-16,4,3,2,1237,1237,12,12,2026-02-28,2026-02-28,0
307,2026-04-21,11,3,1,770,770,7,7,2026-04-28,2026-04-28,0
308,2026-05-03,9,2,4,1046,1046,25,26,2026-05-28,2026-05-29,1
309,2026-07-03,25,5,4,777,777,25,25,2026-07-28,2026-07-28,0
310,2026-03-02,13,2,3,723,723,18,20,2026-03-20,2026-03-22,1
311,2026-05-21,8,5,4,418,365,25,32,2026-06-15,2026-06-22,1
312,2026-09-27,17,2,1,363,363,7,12,2026-10-04,2026-10-09,1
313,2026-11-06,15,3,1,684,684,7,7,2026-11-13,2026-11-13,0
314,2026-05-01,9,3,4,481,481,25,25,2026-05-26,2026-05-26,0
315,2026-05-06,22,2,2,159,159,12,12,2026-05-18,2026-05-18,0
316,2026-08-30,21,3,2,981,981,12,12,2026-09-11,2026-09-11,0
317,2026-09-22,25,5,3,1149,1149,18,18,2026-10-10,2026-10-10,0
318,2026-04-19,16,4,2,179,148,12,12,2026-05-01,2026-05-01,0
319,2026-06-24,10,2,2,427,427,12,12,2026-07-06,2026-07-06,0
320,2026-10-03,8,5,2,447,447,12,12,2026-10-15,2026-10-15,0
321,2026-06-16,18,4,1,794,794,7,8,2026-06-23,2026-06-24,1
322,2026-04-16,15,5,1,472,472,7,7,2026-04-23,2026-04-23,0
323,2026-01-23,8,2,1,682,682,7,7,2026-01-30,2026-01-30,0
324,2026-10-23,22,3,4,125,125,25,25,2026-11-17,2026-11-17,0
325,2026-04-13,13,1,1,745,745,7,8,2026-04-20,2026-04-21,1
326,2026-04-09,17,2,4,197,197,25,25,2026-05-04,2026-05-04,0
327,2026-05-23,6,4,1,678,678,7,7,2026-05-30,2026-05-30,0
328,2026-05-19,12,1,3,893,893,18,18,2026-06-06,2026-06-06,0
329,2026-09-07,11,2,1,596,596,7,7,2026-09-14,2026-09-14,0
330,2026-07-16,4,4,4,654,654,25,25,2026-08-10,2026-08-10,0
331,2026-06-10,12,3,3,636,636,18,19,2026-06-28,2026-06-29,1
332,2026-06-25,17,1,2,399,399,12,13,2026-07-07,2026-07-08,1
333,2026-06-15,23,3,3,408,408,18,20,2026-07-03,2026-07-05,1
334,2026-02-16,12,1,3,734,734,18,18,2026-03-06,2026-03-06,0
335,2026-09-02,1,1,2,987,987,12,13,2026-09-14,2026-09-15,1
336,2026-10-27,2,3,3,492,492,18,19,2026-11-14,2026-11-15,1
337,2026-02-18,12,1,3,846,846,18,18,2026-03-08,2026-03-08,0
338,2026-10-29,14,4,3,1288,1288,18,18,2026-11-16,2026-11-16,0
339,2026-11-17,18,3,4,1115,1115,25,26,2026-12-12,2026-12-13,1
340,2026-07-15,11,4,2,362,362,12,12,2026-07-27,2026-07-27,0
341,2026-05-02,6,3,4,915,915,25,25,2026-05-27,2026-05-27,0
342,2026-11-16,22,3,3,179,179,18,18,2026-12-04,2026-12-04,0
343,2026-02-08,16,2,2,323,323,12,12,2026-02-20,2026-02-20,0
344,2026-03-29,21,4,1,1335,1335,7,7,2026-04-05,2026-04-05,0
345,2026-09-08,23,1,2,924,924,12,12,2026-09-20,2026-09-20,0
346,2026-05-11,14,3,1,1198,1198,7,7,2026-05-18,2026-05-18,0
347,2026-08-17,2,5,1,477,477,7,7,2026-08-24,2026-08-24,0
348,2026-10-15,2,2,1,512,512,7,7,2026-10-22,2026-10-22,0
349,2026-09-16,21,4,4,1101,1101,25,28,2026-10-11,2026-10-14,1
350,2026-03-26,23,4,3,626,626,18,18,2026-04-13,2026-04-13,0
351,2026-09-08,4,1,3,1129,1129,18,18,2026-09-26,2026-09-26,0
352,2026-09-18,17,5,3,403,403,18,23,2026-10-06,2026-10-11,1
353,2026-06-26,21,5,3,470,470,18,18,2026-07-14,2026-07-14,0
354,2026-11-12,21,1,2,590,590,12,12,2026-11-24,2026-11-24,0
355,2026-08-10,20,2,3,489,489,18,19,2026-08-28,2026-08-29,1
356,2026-11-01,19,1,4,1374,1374,25,28,2026-11-26,2026-11-29,1
357,2026-09-15,19,3,4,840,840,25,28,2026-10-10,2026-10-13,1
358,2026-03-04,4,2,2,1275,1275,12,15,2026-03-16,2026-03-19,1
359,2026-10-18,5,2,1,491,491,7,7,2026-10-25,2026-10-25,0
360,2026-11-16,11,2,1,580,580,7,8,2026-11-23,2026-11-24,1
361,2026-10-04,16,5,1,172,172,7,7,2026-10-11,2026-10-11,0
362,2026-11-25,4,2,4,791,791,25,26,2026-12-20,2026-12-21,1
363,2026-06-26,2,4,3,596,596,18,21,2026-07-14,2026-07-17,1
364,2026-08-06,12,2,3,450,450,18,20,2026-08-24,2026-08-26,1
365,2026-04-07,25,5,1,991,991,7,7,2026-04-14,2026-04-14,0
366,2026-07-16,12,5,2,545,545,12,12,2026-07-28,2026-07-28,0
367,2026-04-18,3,1,4,603,603,25,26,2026-05-13,2026-05-14,1
368,2026-06-01,13,4,4,771,771,25,30,2026-06-26,2026-07-01,1
369,2026-11-24,2,4,1,763,763,7,7,2026-12-01,2026-12-01,0
370,2026-10-01,1,4,2,582,582,12,12,2026-10-13,2026-10-13,0
371,2026-03-09,4,3,1,1030,1030,7,7,2026-03-16,2026-03-16,0
372,2026-03-05,3,2,4,952,952,25,28,2026-03-30,2026-04-02,1
373,2026-07-08,16,4,2,167,167,12,17,2026-07-20,2026-07-25,1
374,2026-01-01,17,3,2,359,359,12,12,2026-01-13,2026-01-13,0
375,2026-07-16,17,5,2,500,500,12,12,2026-07-28,2026-07-28,0
376,2026-09-24,12,5,3,519,519,18,25,2026-10-12,2026-10-19,1
377,2026-09-01,19,1,4,1190,1190,25,32,2026-09-26,2026-10-03,1
378,2026-07-03,6,3,2,1203,1203,12,13,2026-07-15,2026-07-16,1
379,2026-03-30,23,5,4,441,441,25,25,2026-04-24,2026-04-24,0
380,2026-09-28,13,1,2,746,746,12,14,2026-10-10,2026-10-12,1
381,2026-01-19,4,3,3,876,876,18,18,2026-02-06,2026-02-06,0
382,2026-09-27,5,3,2,183,183,12,19,2026-10-09,2026-10-16,1
383,2026-11-24,18,5,4,693,693,25,25,2026-12-19,2026-12-19,0
384,2026-07-06,25,2,4,589,589,25,27,2026-07-31,2026-08-02,1
385,2026-07-18,18,5,3,830,830,18,18,2026-08-05,2026-08-05,0
386,2026-11-15,15,2,2,393,393,12,15,2026-11-27,2026-11-30,1
387,2026-06-27,9,3,4,848,848,25,28,2026-07-22,2026-07-25,1
388,2026-03-04,21,1,4,932,932,25,28,2026-03-29,2026-04-01,1
389,2026-10-26,19,5,1,1369,1369,7,10,2026-11-02,2026-11-05,1
390,2026-05-29,8,3,3,991,991,18,20,2026-06-16,2026-06-18,1
391,2026-02-02,9,4,4,1159,1159,25,27,2026-02-27,2026-03-01,1
392,2026-10-24,12,1,4,812,812,25,25,2026-11-18,2026-11-18,0
393,2026-07-19,11,1,4,778,778,25,27,2026-08-13,2026-08-15,1
394,2026-01-02,25,2,3,387,387,18,19,2026-01-20,2026-01-21,1
395,2026-09-22,19,4,1,1120,1120,7,9,2026-09-29,2026-10-01,1
396,2026-05-14,12,5,4,575,575,25,30,2026-06-08,2026-06-13,1
397,2026-04-08,21,1,4,1337,1337,25,25,2026-05-03,2026-05-03,0
398,2026-04-26,25,3,1,409,409,7,7,2026-05-03,2026-05-03,0
399,2026-01-11,5,5,1,401,401,7,7,2026-01-18,2026-01-18,0
400,2026-04-29,7,3,1,428,428,7,12,2026-05-06,2026-05-11,1
401,2026-09-22,15,4,2,625,625,12,12,2026-10-04,2026-10-04,0
402,2026-08-11,6,3,2,763,763,12,15,2026-08-23,2026-08-26,1
403,2026-08-24,4,5,1,496,496,7,10,2026-08-31,2026-09-03,1
404,2026-06-30,12,2,3,520,520,18,19,2026-07-18,2026-07-19,1
405,2026-09-10,20,3,4,420,420,25,25,2026-10-05,2026-10-05,0
406,2026-04-05,4,4,3,669,669,18,18,2026-04-23,2026-04-23,0
407,2026-08-30,14,2,1,596,596,7,12,2026-09-06,2026-09-11,1
408,2026-05-16,24,1,2,729,609,12,12,2026-05-28,2026-05-28,0
409,2026-03-22,13,5,3,350,350,18,19,2026-04-09,2026-04-10,1
410,2026-05-21,24,2,1,418,418,7,10,2026-05-28,2026-05-31,1
411,2026-11-10,25,4,3,907,907,18,18,2026-11-28,2026-11-28,0
412,2026-07-28,24,5,1,327,327,7,7,2026-08-04,2026-08-04,0
413,2026-02-22,10,4,2,588,588,12,13,2026-03-06,2026-03-07,1
414,2026-04-27,10,5,3,267,267,18,20,2026-05-15,2026-05-17,1
415,2026-09-30,6,4,1,692,692,7,7,2026-10-07,2026-10-07,0
416,2026-09-17,19,1,2,1306,1306,12,12,2026-09-29,2026-09-29,0
417,2026-06-06,6,1,1,849,849,7,10,2026-06-13,2026-06-16,1
418,2026-10-23,9,3,1,433,433,7,7,2026-10-30,2026-10-30,0
419,2026-01-26,2,4,1,335,335,7,7,2026-02-02,2026-02-02,0
420,2026-09-01,13,3,1,671,671,7,7,2026-09-08,2026-09-08,0
421,2026-06-20,17,5,3,360,360,18,19,2026-07-08,2026-07-09,1
422,2026-04-13,25,5,3,897,897,18,18,2026-05-01,2026-05-01,0
423,2026-03-20,12,1,4,592,592,25,26,2026-04-14,2026-04-15,1
424,2026-02-02,18,3,1,524,524,7,7,2026-02-09,2026-02-09,0
425,2026-08-30,14,4,4,912,912,25,25,2026-09-24,2026-09-24,0
426,2026-03-10,15,3,3,774,774,18,18,2026-03-28,2026-03-28,0
427,2026-01-07,7,1,4,161,161,25,30,2026-02-01,2026-02-06,1
428,2026-08-01,2,4,1,684,684,7,7,2026-08-08,2026-08-08,0
429,2026-11-02,1,3,1,1114,1114,7,8,2026-11-09,2026-11-10,1
430,2026-09-16,5,4,1,293,293,7,7,2026-09-23,2026-09-23,0
431,2026-10-18,9,5,1,1177,1177,7,8,2026-10-25,2026-10-26,1
432,2026-03-20,20,5,4,409,409,25,25,2026-04-14,2026-04-14,0
433,2026-01-25,3,5,1,823,823,7,8,2026-02-01,2026-02-02,1
434,2026-02-18,7,5,1,362,362,7,8,2026-02-25,2026-02-26,1
435,2026-10-07,15,3,4,734,734,25,25,2026-11-01,2026-11-01,0
436,2026-08-09,1,1,4,1153,1153,25,25,2026-09-03,2026-09-03,0
437,2026-07-05,23,4,1,353,353,7,7,2026-07-12,2026-07-12,0
438,2026-08-23,21,2,4,489,489,25,26,2026-09-17,2026-09-18,1
439,2026-07-30,20,1,1,387,387,7,8,2026-08-06,2026-08-07,1
440,2026-06-02,10,3,2,382,382,12,15,2026-06-14,2026-06-17,1
441,2026-07-29,25,3,2,1155,1155,12,12,2026-08-10,2026-08-10,0
442,2026-06-08,16,5,1,357,357,7,9,2026-06-15,2026-06-17,1
443,2026-07-01,18,2,3,858,858,18,18,2026-07-19,2026-07-19,0
444,2026-03-24,14,2,4,1293,1293,25,27,2026-04-18,2026-04-20,1
445,2026-08-19,17,4,4,337,337,25,26,2026-09-13,2026-09-14,1
446,2026-09-29,23,5,1,524,524,7,7,2026-10-06,2026-10-06,0
447,2026-02-21,17,5,3,383,383,18,18,2026-03-11,2026-03-11,0
448,2026-05-16,23,3,2,367,367,12,19,2026-05-28,2026-06-04,1
449,2026-01-15,16,4,4,300,300,25,25,2026-02-09,2026-02-09,0
450,2026-09-20,19,1,1,1019,1019,7,9,2026-09-27,2026-09-29,1
451,2026-08-30,23,2,4,653,653,25,30,2026-09-24,2026-09-29,1
452,2026-05-20,22,5,1,113,113,7,7,2026-05-27,2026-05-27,0
453,2026-08-10,1,1,3,569,569,18,18,2026-08-28,2026-08-28,0
454,2026-07-23,8,5,4,384,384,25,26,2026-08-17,2026-08-18,1
455,2026-08-02,9,5,4,789,789,25,25,2026-08-27,2026-08-27,0
456,2026-08-27,7,3,4,329,329,25,25,2026-09-21,2026-09-21,0
457,2026-06-11,9,2,2,1121,1121,12,12,2026-06-23,2026-06-23,0
458,2026-04-27,23,5,3,429,429,18,19,2026-05-15,2026-05-16,1
459,2026-02-07,11,3,3,412,412,18,25,2026-02-25,2026-03-04,1
460,2026-09-06,18,3,4,1162,1162,25,25,2026-10-01,2026-10-01,0
461,2026-01-24,13,5,2,603,603,12,17,2026-02-05,2026-02-10,1
462,2026-10-04,19,5,4,1322,1322,25,25,2026-10-29,2026-10-29,0
463,2026-04-25,12,2,3,406,406,18,18,2026-05-13,2026-05-13,0
464,2026-06-08,10,3,2,765,765,12,12,2026-06-20,2026-06-20,0
465,2026-03-22,25,3,2,1075,1075,12,12,2026-04-03,2026-04-03,0
466,2026-01-04,6,1,1,1425,1425,7,7,2026-01-11,2026-01-11,0
467,2026-10-27,16,3,4,363,363,25,26,2026-11-21,2026-11-22,1
468,2026-05-30,25,3,3,906,906,18,18,2026-06-17,2026-06-17,0
469,2026-08-09,18,1,1,873,873,7,7,2026-08-16,2026-08-16,0
470,2026-10-31,21,1,4,1264,1264,25,26,2026-11-25,2026-11-26,1
471,2026-07-22,7,4,1,366,366,7,7,2026-07-29,2026-07-29,0
472,2026-01-22,15,5,3,427,427,18,20,2026-02-09,2026-02-11,1
473,2026-06-17,10,2,1,343,343,7,7,2026-06-24,2026-06-24,0
474,2026-11-21,20,5,4,802,802,25,25,2026-12-16,2026-12-16,0
475,2026-11-26,24,5,1,550,550,7,7,2026-12-03,2026-12-03,0
476,2026-03-03,14,5,2,766,766,12,15,2026-03-15,2026-03-18,1
477,2026-06-02,2,1,1,780,780,7,7,2026-06-09,2026-06-09,0
478,2026-06-16,6,4,3,662,662,18,19,2026-07-04,2026-07-05,1
479,2026-11-24,18,3,2,1311,1311,12,13,2026-12-06,2026-12-07,1
480,2026-11-20,5,5,3,491,491,18,18,2026-12-08,2026-12-08,0
481,2026-04-23,21,4,1,1110,1110,7,12,2026-04-30,2026-05-05,1
482,2026-01-05,19,4,2,848,848,12,12,2026-01-17,2026-01-17,0
483,2026-04-11,13,2,1,329,329,7,7,2026-04-18,2026-04-18,0
484,2026-02-16,3,4,1,1175,1175,7,7,2026-02-23,2026-02-23,0
485,2026-04-21,1,2,2,1031,1031,12,12,2026-05-03,2026-05-03,0
486,2026-08-29,8,4,1,768,768,7,7,2026-09-05,2026-09-05,0
487,2026-10-07,9,4,2,1073,1073,12,14,2026-10-19,2026-10-21,1
488,2026-01-19,24,3,2,835,835,12,13,2026-01-31,2026-02-01,1
489,2026-07-25,18,4,4,915,915,25,27,2026-08-19,2026-08-21,1
490,2026-03-10,22,3,4,156,156,25,30,2026-04-04,2026-04-09,1
491,2026-03-08,14,3,2,1087,1087,12,12,2026-03-20,2026-03-20,0
492,2026-03-13,11,4,1,562,562,7,7,2026-03-20,2026-03-20,0
493,2026-08-29,9,1,3,670,670,18,18,2026-09-16,2026-09-16,0
494,2026-11-04,22,1,2,145,145,12,13,2026-11-16,2026-11-17,1
495,2026-11-04,2,3,4,548,548,25,25,2026-11-29,2026-11-29,0
496,2026-05-27,12,1,3,645,645,18,18,2026-06-14,2026-06-14,0
497,2026-08-04,1,4,3,745,745,18,19,2026-08-22,2026-08-23,1
498,2026-07-02,3,4,2,1025,1025,12,13,2026-07-14,2026-07-15,1
499,2026-07-08,8,3,4,769,769,25,25,2026-08-02,2026-08-02,0
500,2026-02-06,1,1,3,1160,1160,18,25,2026-02-24,2026-03-03,1
501,2026-01-29,19,5,2,1384,1384,12,14,2026-02-10,2026-02-12,1
502,2026-11-20,4,5,1,1093,1093,7,7,2026-11-27,2026-11-27,0
503,2026-03-25,8,3,4,941,941,25,25,2026-04-19,2026-04-19,0
504,2026-01-11,7,4,4,296,296,25,25,2026-02-05,2026-02-05,0
505,2026-09-21,6,5,4,1162,1162,25,26,2026-10-16,2026-10-17,1
506,2026-03-19,19,4,4,823,823,25,25,2026-04-13,2026-04-13,0
507,2026-08-21,8,3,1,500,500,7,7,2026-08-28,2026-08-28,0
508,2026-09-07,2,2,2,377,377,12,12,2026-09-19,2026-09-19,0
509,2026-02-19,7,5,1,182,182,7,10,2026-02-26,2026-03-01,1
510,2026-11-02,3,5,1,1050,1050,7,12,2026-11-09,2026-11-14,1
511,2026-10-23,23,1,3,373,373,18,23,2026-11-10,2026-11-15,1
512,2026-10-04,9,1,2,1201,1201,12,17,2026-10-16,2026-10-21,1
513,2026-10-23,14,3,3,1354,1354,18,21,2026-11-10,2026-11-13,1
514,2026-04-27,4,4,1,824,824,7,7,2026-05-04,2026-05-04,0
515,2026-10-15,20,4,4,410,410,25,27,2026-11-09,2026-11-11,1
516,2026-11-08,19,4,1,824,824,7,7,2026-11-15,2026-11-15,0
517,2026-06-09,25,2,3,711,711,18,21,2026-06-27,2026-06-30,1
518,2026-05-28,17,4,4,188,188,25,27,2026-06-22,2026-06-24,1
519,2026-05-17,24,4,4,649,649,25,25,2026-06-11,2026-06-11,0
520,2026-11-25,11,3,3,293,293,18,23,2026-12-13,2026-12-18,1
521,2026-11-11,10,3,4,486,486,25,32,2026-12-06,2026-12-13,1
522,2026-07-05,3,2,1,846,846,7,7,2026-07-12,2026-07-12,0
523,2026-04-08,4,5,2,794,794,12,13,2026-04-20,2026-04-21,1
524,2026-06-29,11,3,1,301,301,7,7,2026-07-06,2026-07-06,0
525,2026-10-23,15,4,1,898,898,7,7,2026-10-30,2026-10-30,0
526,2026-07-22,3,1,3,625,625,18,23,2026-08-09,2026-08-14,1
527,2026-06-01,13,5,1,560,560,7,7,2026-06-08,2026-06-08,0
528,2026-01-04,9,2,3,607,607,18,19,2026-01-22,2026-01-23,1
529,2026-04-20,19,5,3,822,822,18,19,2026-05-08,2026-05-09,1
530,2026-11-22,19,3,4,1286,1286,25,25,2026-12-17,2026-12-17,0
531,2026-04-18,15,3,2,366,366,12,13,2026-04-30,2026-05-01,1
532,2026-05-20,3,4,3,983,983,18,18,2026-06-07,2026-06-07,0
533,2026-07-20,7,1,3,199,199,18,21,2026-08-07,2026-08-10,1
534,2026-11-10,20,4,1,763,763,7,12,2026-11-17,2026-11-22,1
535,2026-04-30,23,2,2,525,525,12,12,2026-05-12,2026-05-12,0
536,2026-08-05,4,1,3,1016,1016,18,18,2026-08-23,2026-08-23,0
537,2026-07-11,18,2,4,1067,1067,25,30,2026-08-05,2026-08-10,1
538,2026-01-07,20,4,2,605,605,12,12,2026-01-19,2026-01-19,0
539,2026-02-10,23,1,1,1006,1006,7,7,2026-02-17,2026-02-17,0
540,2026-01-08,5,2,2,254,254,12,13,2026-01-20,2026-01-21,1
541,2026-06-03,8,1,4,501,501,25,25,2026-06-28,2026-06-28,0
542,2026-04-08,2,4,3,724,724,18,18,2026-04-26,2026-04-26,0
543,2026-02-11,15,1,1,452,452,7,8,2026-02-18,2026-02-19,1
544,2026-10-03,19,3,3,914,914,18,18,2026-10-21,2026-10-21,0
545,2026-11-06,17,2,1,185,185,7,7,2026-11-13,2026-11-13,0
546,2026-02-26,8,5,3,998,998,18,18,2026-03-16,2026-03-16,0
547,2026-03-29,20,2,4,581,581,25,25,2026-04-23,2026-04-23,0
548,2026-10-10,21,1,4,943,943,25,25,2026-11-04,2026-11-04,0
549,2026-10-21,18,4,3,1044,1044,18,23,2026-11-08,2026-11-13,1
550,2026-02-01,24,5,4,586,586,25,25,2026-02-26,2026-02-26,0
551,2026-05-29,17,5,1,242,242,7,14,2026-06-05,2026-06-12,1
552,2026-02-12,8,5,1,505,505,7,7,2026-02-19,2026-02-19,0
553,2026-08-19,2,5,1,624,624,7,8,2026-08-26,2026-08-27,1
554,2026-01-24,3,2,4,780,780,25,25,2026-02-18,2026-02-18,0
555,2026-04-11,25,5,4,1127,1127,25,25,2026-05-06,2026-05-06,0
556,2026-08-22,10,5,1,498,454,7,7,2026-08-29,2026-08-29,0
557,2026-09-26,23,4,2,726,726,12,12,2026-10-08,2026-10-08,0
558,2026-02-12,10,2,2,309,309,12,17,2026-02-24,2026-03-01,1
559,2026-03-06,1,3,2,703,703,12,12,2026-03-18,2026-03-18,0
560,2026-10-12,5,4,1,193,193,7,7,2026-10-19,2026-10-19,0
561,2026-05-09,6,5,3,595,595,18,18,2026-05-27,2026-05-27,0
562,2026-01-30,10,1,2,530,530,12,15,2026-02-11,2026-02-14,1
563,2026-06-28,1,4,1,549,549,7,7,2026-07-05,2026-07-05,0
564,2026-04-08,11,2,4,647,647,25,30,2026-05-03,2026-05-08,1
565,2026-03-14,5,4,2,434,434,12,12,2026-03-26,2026-03-26,0
566,2026-03-14,13,5,2,520,520,12,12,2026-03-26,2026-03-26,0
567,2026-08-27,13,2,4,620,620,25,27,2026-09-21,2026-09-23,1
568,2026-04-14,9,1,4,551,551,25,26,2026-05-09,2026-05-10,1
569,2026-03-02,17,3,3,340,340,18,18,2026-03-20,2026-03-20,0
570,2026-11-11,17,5,4,320,320,25,25,2026-12-06,2026-12-06,0
571,2026-02-15,24,4,1,512,512,7,7,2026-02-22,2026-02-22,0
572,2026-11-26,23,1,4,350,350,25,27,2026-12-21,2026-12-23,1
573,2026-05-14,20,2,1,394,394,7,7,2026-05-21,2026-05-21,0
574,2026-07-18,9,4,2,1033,1033,12,12,2026-07-30,2026-07-30,0
575,2026-03-07,20,4,3,666,666,18,18,2026-03-25,2026-03-25,0
576,2026-03-18,4,3,2,454,454,12,19,2026-03-30,2026-04-06,1
577,2026-01-03,17,3,3,475,475,18,18,2026-01-21,2026-01-21,0
578,2026-09-27,2,2,1,598,598,7,14,2026-10-04,2026-10-11,1
579,2026-10-23,6,3,4,570,570,25,26,2026-11-17,2026-11-18,1
580,2026-06-11,16,3,1,343,343,7,7,2026-06-18,2026-06-18,0
581,2026-05-17,10,3,4,510,510,25,26,2026-06-11,2026-06-12,1
582,2026-03-26,8,3,1,874,874,7,7,2026-04-02,2026-04-02,0
583,2026-07-22,25,2,3,751,596,18,20,2026-08-09,2026-08-11,1
584,2026-10-31,12,1,2,393,393,12,12,2026-11-12,2026-11-12,0
585,2026-01-11,4,5,4,517,517,25,25,2026-02-05,2026-02-05,0
586,2026-08-22,8,5,4,567,567,25,26,2026-09-16,2026-09-17,1
587,2026-10-26,25,5,2,589,589,12,12,2026-11-07,2026-11-07,0
588,2026-05-16,19,3,4,1082,1082,25,28,2026-06-10,2026-06-13,1
589,2026-05-06,18,1,3,1026,1026,18,18,2026-05-24,2026-05-24,0
590,2026-01-16,14,1,1,525,525,7,7,2026-01-23,2026-01-23,0
591,2026-07-21,21,1,4,925,763,25,25,2026-08-15,2026-08-15,0
592,2026-04-24,1,1,3,1104,1104,18,18,2026-05-12,2026-05-12,0
593,2026-01-27,16,3,1,449,449,7,8,2026-02-03,2026-02-04,1
594,2026-11-07,3,4,1,680,680,7,8,2026-11-14,2026-11-15,1
595,2026-10-17,20,1,3,440,440,18,23,2026-11-04,2026-11-09,1
596,2026-04-20,20,3,4,531,531,25,32,2026-05-15,2026-05-22,1
597,2026-08-07,16,5,2,393,393,12,12,2026-08-19,2026-08-19,0
598,2026-09-02,3,1,3,797,797,18,19,2026-09-20,2026-09-21,1
599,2026-05-16,5,5,3,545,545,18,18,2026-06-03,2026-06-03,0
600,2026-02-01,7,3,4,146,146,25,25,2026-02-26,2026-02-26,0
601,2026-02-15,3,5,3,1047,1047,18,20,2026-03-05,2026-03-07,1
602,2026-02-26,25,1,4,456,456,25,32,2026-03-23,2026-03-30,1
603,2026-03-04,11,3,2,758,758,12,15,2026-03-16,2026-03-19,1
604,2026-02-03,14,4,1,648,648,7,7,2026-02-10,2026-02-10,0
605,2026-10-25,19,5,1,617,617,7,7,2026-11-01,2026-11-01,0
606,2026-01-22,3,3,3,763,763,18,25,2026-02-09,2026-02-16,1
607,2026-03-24,4,2,3,978,978,18,19,2026-04-11,2026-04-12,1
608,2026-10-14,2,4,1,561,561,7,10,2026-10-21,2026-10-24,1
609,2026-06-26,12,2,2,767,767,12,12,2026-07-08,2026-07-08,0
610,2026-02-05,3,4,1,913,913,7,7,2026-02-12,2026-02-12,0
611,2026-06-14,10,5,2,604,604,12,12,2026-06-26,2026-06-26,0
612,2026-01-08,7,4,3,211,211,18,23,2026-01-26,2026-01-31,1
613,2026-09-26,14,1,2,939,939,12,15,2026-10-08,2026-10-11,1
614,2026-04-02,21,1,2,992,992,12,12,2026-04-14,2026-04-14,0
615,2026-11-18,11,1,4,574,574,25,26,2026-12-13,2026-12-14,1
616,2026-01-23,23,4,2,692,692,12,13,2026-02-04,2026-02-05,1
617,2026-11-26,10,1,4,277,277,25,30,2026-12-21,2026-12-26,1
618,2026-05-25,17,1,4,231,231,25,25,2026-06-19,2026-06-19,0
619,2026-06-05,8,1,3,648,648,18,25,2026-06-23,2026-06-30,1
620,2026-07-06,8,2,1,420,420,7,7,2026-07-13,2026-07-13,0
621,2026-10-03,18,1,1,1082,1082,7,7,2026-10-10,2026-10-10,0
622,2026-08-31,15,4,4,575,575,25,25,2026-09-25,2026-09-25,0
623,2026-03-22,4,2,3,847,847,18,18,2026-04-09,2026-04-09,0
624,2026-05-15,7,4,4,297,297,25,25,2026-06-09,2026-06-09,0
625,2026-11-16,24,3,1,486,486,7,7,2026-11-23,2026-11-23,0
626,2026-05-10,8,1,2,667,667,12,12,2026-05-22,2026-05-22,0
627,2026-04-28,13,3,1,538,538,7,8,2026-05-05,2026-05-06,1
628,2026-07-28,18,4,3,485,485,18,18,2026-08-15,2026-08-15,0
629,2026-08-20,11,4,4,649,649,25,25,2026-09-14,2026-09-14,0
630,2026-11-19,6,5,1,775,775,7,8,2026-11-26,2026-11-27,1
631,2026-06-30,1,4,2,984,984,12,12,2026-07-12,2026-07-12,0
632,2026-09-27,21,4,2,660,660,12,12,2026-10-09,2026-10-09,0
633,2026-10-03,13,2,3,378,268,18,18,2026-10-21,2026-10-21,0
634,2026-08-01,8,1,2,720,592,12,12,2026-08-13,2026-08-13,0
635,2026-11-19,3,1,2,1013,1013,12,12,2026-12-01,2026-12-01,0
636,2026-10-01,12,3,3,828,828,18,18,2026-10-19,2026-10-19,0
637,2026-07-14,3,2,3,1081,1081,18,18,2026-08-01,2026-08-01,0
638,2026-04-03,2,2,2,797,797,12,13,2026-04-15,2026-04-16,1
639,2026-01-26,1,5,4,447,447,25,25,2026-02-20,2026-02-20,0
640,2026-10-24,4,4,1,578,578,7,10,2026-10-31,2026-11-03,1
641,2026-05-05,15,2,2,681,681,12,12,2026-05-17,2026-05-17,0
642,2026-09-07,2,5,2,701,701,12,14,2026-09-19,2026-09-21,1
643,2026-04-15,25,3,2,789,789,12,12,2026-04-27,2026-04-27,0
644,2026-01-14,9,5,4,1030,1030,25,25,2026-02-08,2026-02-08,0
645,2026-01-17,19,4,4,555,555,25,28,2026-02-11,2026-02-14,1
646,2026-04-09,23,2,2,353,353,12,14,2026-04-21,2026-04-23,1
647,2026-04-12,2,1,1,795,795,7,7,2026-04-19,2026-04-19,0
648,2026-05-01,23,3,3,796,796,18,20,2026-05-19,2026-05-21,1
649,2026-11-06,8,5,3,821,821,18,18,2026-11-24,2026-11-24,0
650,2026-06-17,25,2,4,988,988,25,25,2026-07-12,2026-07-12,0
651,2026-02-24,8,5,3,435,435,18,20,2026-03-14,2026-03-16,1
652,2026-11-13,22,4,4,113,113,25,25,2026-12-08,2026-12-08,0
653,2026-07-20,1,2,4,674,674,25,25,2026-08-14,2026-08-14,0
654,2026-04-01,19,4,1,1158,1158,7,7,2026-04-08,2026-04-08,0
655,2026-07-24,12,3,3,687,687,18,19,2026-08-11,2026-08-12,1
656,2026-03-16,23,3,1,619,619,7,14,2026-03-23,2026-03-30,1
657,2026-01-22,16,2,3,383,383,18,23,2026-02-09,2026-02-14,1
658,2026-06-27,11,4,3,737,737,18,18,2026-07-15,2026-07-15,0
659,2026-07-26,3,1,3,1056,1056,18,19,2026-08-13,2026-08-14,1
660,2026-04-28,9,3,3,1022,1022,18,18,2026-05-16,2026-05-16,0
661,2026-03-23,13,3,3,299,299,18,18,2026-04-10,2026-04-10,0
662,2026-08-19,20,4,3,796,796,18,18,2026-09-06,2026-09-06,0
663,2026-06-14,25,4,4,737,737,25,25,2026-07-09,2026-07-09,0
664,2026-09-06,3,3,4,1179,1179,25,25,2026-10-01,2026-10-01,0
665,2026-04-18,20,5,1,703,703,7,7,2026-04-25,2026-04-25,0
666,2026-04-19,14,2,3,1048,1048,18,18,2026-05-07,2026-05-07,0
667,2026-06-04,18,5,3,1265,1265,18,18,2026-06-22,2026-06-22,0
668,2026-02-08,8,5,2,569,569,12,15,2026-02-20,2026-02-23,1
669,2026-07-24,12,1,3,557,557,18,19,2026-08-11,2026-08-12,1
670,2026-07-17,17,5,1,283,283,7,10,2026-07-24,2026-07-27,1
671,2026-03-18,23,5,4,941,941,25,25,2026-04-12,2026-04-12,0
672,2026-09-13,14,3,2,1504,1504,12,12,2026-09-25,2026-09-25,0
673,2026-02-17,3,2,2,948,948,12,12,2026-03-01,2026-03-01,0
674,2026-09-22,7,2,2,242,242,12,13,2026-10-04,2026-10-05,1
675,2026-03-16,11,4,1,601,601,7,7,2026-03-23,2026-03-23,0
676,2026-03-27,5,1,2,283,283,12,12,2026-04-08,2026-04-08,0
677,2026-09-14,3,4,3,1041,1041,18,18,2026-10-02,2026-10-02,0
678,2026-03-29,9,5,3,532,532,18,20,2026-04-16,2026-04-18,1
679,2026-03-27,15,4,4,824,824,25,25,2026-04-21,2026-04-21,0
680,2026-04-21,12,3,3,513,513,18,18,2026-05-09,2026-05-09,0
681,2026-07-08,13,3,1,755,755,7,9,2026-07-15,2026-07-17,1
682,2026-03-29,12,1,3,460,435,18,18,2026-04-16,2026-04-16,0
683,2026-01-18,20,1,2,685,685,12,13,2026-01-30,2026-01-31,1
684,2026-01-10,24,1,2,339,339,12,15,2026-01-22,2026-01-25,1
685,2026-04-21,12,5,3,449,449,18,18,2026-05-09,2026-05-09,0
686,2026-11-15,1,4,3,568,568,18,23,2026-12-03,2026-12-08,1
687,2026-08-27,18,5,3,1258,1258,18,19,2026-09-14,2026-09-15,1
688,2026-06-02,19,1,1,986,986,7,8,2026-06-09,2026-06-10,1
689,2026-08-10,12,2,4,897,897,25,27,2026-09-04,2026-09-06,1
690,2026-05-30,23,1,4,943,886,25,25,2026-06-24,2026-06-24,0
691,2026-03-11,5,1,2,263,263,12,12,2026-03-23,2026-03-23,0
692,2026-01-21,12,3,4,724,724,25,25,2026-02-15,2026-02-15,0
693,2026-09-13,4,2,4,1125,972,25,25,2026-10-08,2026-10-08,0
694,2026-01-08,13,1,3,324,324,18,18,2026-01-26,2026-01-26,0
695,2026-02-25,16,5,4,196,196,25,25,2026-03-22,2026-03-22,0
696,2026-03-24,9,3,4,1127,956,25,25,2026-04-18,2026-04-18,0
697,2026-07-27,25,1,4,946,946,25,25,2026-08-21,2026-08-21,0
698,2026-09-18,14,5,4,1554,1554,25,25,2026-10-13,2026-10-13,0
699,2026-09-18,21,3,3,1006,1006,18,19,2026-10-06,2026-10-07,1
700,2026-03-29,10,3,1,403,403,7,7,2026-04-05,2026-04-05,0
701,2026-11-01,20,2,2,335,335,12,13,2026-11-13,2026-11-14,1
702,2026-10-03,24,4,2,504,504,12,13,2026-10-15,2026-10-16,1
703,2026-03-18,22,2,1,282,282,7,12,2026-03-25,2026-03-30,1
704,2026-08-28,17,4,2,414,414,12,13,2026-09-09,2026-09-10,1
705,2026-01-23,13,2,3,343,343,18,19,2026-02-10,2026-02-11,1
706,2026-02-11,3,1,2,461,461,12,12,2026-02-23,2026-02-23,0
707,2026-02-12,23,5,1,531,377,7,7,2026-02-19,2026-02-19,0
708,2026-04-04,9,1,2,532,485,12,14,2026-04-16,2026-04-18,1
709,2026-05-05,19,4,2,578,578,12,12,2026-05-17,2026-05-17,0
710,2026-10-19,1,2,1,877,877,7,14,2026-10-26,2026-11-02,1
711,2026-07-13,15,4,1,731,731,7,14,2026-07-20,2026-07-27,1
712,2026-01-18,1,1,2,796,796,12,17,2026-01-30,2026-02-04,1
713,2026-03-26,13,2,2,366,366,12,12,2026-04-07,2026-04-07,0
714,2026-09-18,10,1,2,488,488,12,12,2026-09-30,2026-09-30,0
715,2026-03-26,2,1,3,558,558,18,18,2026-04-13,2026-04-13,0
716,2026-05-08,4,1,3,705,705,18,18,2026-05-26,2026-05-26,0
717,2026-04-08,21,3,2,764,764,12,12,2026-04-20,2026-04-20,0
718,2026-10-04,22,4,3,168,168,18,18,2026-10-22,2026-10-22,0
719,2026-10-25,8,2,1,703,703,7,7,2026-11-01,2026-11-01,0
720,2026-09-16,12,4,3,908,908,18,18,2026-10-04,2026-10-04,0
721,2026-04-18,18,3,1,708,708,7,9,2026-04-25,2026-04-27,1
722,2026-07-06,16,1,1,380,380,7,7,2026-07-13,2026-07-13,0
723,2026-06-29,6,3,1,995,995,7,7,2026-07-06,2026-07-06,0
724,2026-05-15,15,3,2,321,321,12,12,2026-05-27,2026-05-27,0
725,2026-10-03,2,4,1,717,717,7,7,2026-10-10,2026-10-10,0
726,2026-04-05,19,2,2,1362,1362,12,12,2026-04-17,2026-04-17,0
727,2026-08-08,5,2,4,328,328,25,25,2026-09-02,2026-09-02,0
728,2026-06-12,17,4,2,326,326,12,15,2026-06-24,2026-06-27,1
729,2026-02-26,12,2,1,660,660,7,7,2026-03-05,2026-03-05,0
730,2026-03-09,14,3,1,1528,1528,7,9,2026-03-16,2026-03-18,1
731,2026-01-19,19,4,1,1363,1363,7,9,2026-01-26,2026-01-28,1
732,2026-03-05,11,1,2,714,714,12,13,2026-03-17,2026-03-18,1
733,2026-04-10,11,4,2,377,377,12,12,2026-04-22,2026-04-22,0
734,2026-08-11,8,3,4,951,951,25,25,2026-09-05,2026-09-05,0
735,2026-04-16,9,1,4,528,528,25,28,2026-05-11,2026-05-14,1
736,2026-03-15,9,4,3,1172,1172,18,19,2026-04-02,2026-04-03,1
737,2026-05-06,11,1,3,440,440,18,18,2026-05-24,2026-05-24,0
738,2026-07-13,5,4,1,431,431,7,10,2026-07-20,2026-07-23,1
739,2026-04-23,5,5,4,278,278,25,27,2026-05-18,2026-05-20,1
740,2026-09-29,19,2,3,1013,1013,18,18,2026-10-17,2026-10-17,0
741,2026-07-06,16,2,2,463,463,12,12,2026-07-18,2026-07-18,0
742,2026-08-29,4,5,2,538,538,12,12,2026-09-10,2026-09-10,0
743,2026-01-14,16,3,4,404,404,25,26,2026-02-08,2026-02-09,1
744,2026-08-23,5,4,2,296,296,12,17,2026-09-04,2026-09-09,1
745,2026-02-26,19,2,4,591,591,25,28,2026-03-23,2026-03-26,1
746,2026-06-09,22,3,1,129,129,7,14,2026-06-16,2026-06-23,1
747,2026-04-01,3,1,3,889,889,18,18,2026-04-19,2026-04-19,0
748,2026-04-18,1,3,3,591,591,18,18,2026-05-06,2026-05-06,0
749,2026-05-01,7,1,3,378,378,18,25,2026-05-19,2026-05-26,1
750,2026-05-01,24,2,3,656,656,18,19,2026-05-19,2026-05-20,1
751,2026-05-10,12,4,3,339,320,18,25,2026-05-28,2026-06-04,1
752,2026-06-09,16,4,4,231,231,25,25,2026-07-04,2026-07-04,0
753,2026-08-12,5,1,4,500,500,25,27,2026-09-06,2026-09-08,1
754,2026-01-28,4,5,3,1045,1045,18,18,2026-02-15,2026-02-15,0
755,2026-04-15,12,3,2,472,472,12,13,2026-04-27,2026-04-28,1
756,2026-06-26,22,3,2,163,163,12,12,2026-07-08,2026-07-08,0
757,2026-01-08,9,2,1,708,708,7,7,2026-01-15,2026-01-15,0
758,2026-04-08,24,4,2,726,726,12,12,2026-04-20,2026-04-20,0
759,2026-09-06,7,5,4,342,342,25,25,2026-10-01,2026-10-01,0
760,2026-02-05,17,3,3,296,296,18,18,2026-02-23,2026-02-23,0
761,2026-03-23,12,5,1,549,549,7,7,2026-03-30,2026-03-30,0
762,2026-08-20,8,3,4,1004,1004,25,25,2026-09-14,2026-09-14,0
763,2026-04-15,17,5,4,299,299,25,28,2026-05-10,2026-05-13,1
764,2026-03-26,8,5,4,464,464,25,27,2026-04-20,2026-04-22,1
765,2026-05-07,10,3,4,750,750,25,30,2026-06-01,2026-06-06,1
766,2026-03-19,25,3,3,567,567,18,18,2026-04-06,2026-04-06,0
767,2026-11-05,15,2,2,472,472,12,13,2026-11-17,2026-11-18,1
768,2026-08-13,3,4,3,496,496,18,18,2026-08-31,2026-08-31,0
769,2026-08-08,1,1,2,831,831,12,12,2026-08-20,2026-08-20,0
770,2026-07-15,9,1,2,999,999,12,12,2026-07-27,2026-07-27,0
771,2026-10-11,23,3,4,937,937,25,26,2026-11-05,2026-11-06,1
772,2026-03-02,5,2,1,399,399,7,7,2026-03-09,2026-03-09,0
773,2026-07-28,20,2,1,766,766,7,14,2026-08-04,2026-08-11,1
774,2026-01-22,4,2,1,462,462,7,7,2026-01-29,2026-01-29,0
775,2026-04-11,16,5,1,249,249,7,7,2026-04-18,2026-04-18,0
776,2026-06-29,5,1,4,313,313,25,25,2026-07-24,2026-07-24,0
777,2026-10-01,11,3,1,280,280,7,8,2026-10-08,2026-10-09,1
778,2026-01-06,24,3,1,872,872,7,9,2026-01-13,2026-01-15,1
779,2026-03-10,11,1,3,689,689,18,18,2026-03-28,2026-03-28,0
780,2026-10-26,3,3,1,1257,1257,7,8,2026-11-02,2026-11-03,1
781,2026-08-11,2,3,1,677,677,7,9,2026-08-18,2026-08-20,1
782,2026-08-17,14,1,1,1311,1311,7,8,2026-08-24,2026-08-25,1
783,2026-09-18,4,2,4,823,823,25,27,2026-10-13,2026-10-15,1
784,2026-08-04,18,2,3,885,885,18,18,2026-08-22,2026-08-22,0
785,2026-09-03,3,1,4,894,894,25,26,2026-09-28,2026-09-29,1
786,2026-09-15,8,3,2,928,928,12,14,2026-09-27,2026-09-29,1
787,2026-03-08,22,5,3,125,125,18,18,2026-03-26,2026-03-26,0
788,2026-09-14,12,3,4,662,662,25,27,2026-10-09,2026-10-11,1
789,2026-05-16,8,2,1,655,655,7,7,2026-05-23,2026-05-23,0
790,2026-10-22,2,4,2,738,738,12,12,2026-11-03,2026-11-03,0
791,2026-04-09,21,3,3,917,917,18,18,2026-04-27,2026-04-27,0
792,2026-07-16,15,1,1,615,615,7,10,2026-07-23,2026-07-26,1
793,2026-02-24,21,4,4,743,743,25,26,2026-03-21,2026-03-22,1
794,2026-03-13,17,3,1,431,431,7,14,2026-03-20,2026-03-27,1
795,2026-04-09,11,3,3,573,573,18,18,2026-04-27,2026-04-27,0
796,2026-03-21,19,5,2,672,672,12,12,2026-04-02,2026-04-02,0
797,2026-08-08,13,3,2,657,657,12,15,2026-08-20,2026-08-23,1
798,2026-11-02,2,1,1,501,501,7,9,2026-11-09,2026-11-11,1
799,2026-11-09,3,3,2,833,833,12,14,2026-11-21,2026-11-23,1
800,2026-03-22,2,4,4,425,425,25,25,2026-04-16,2026-04-16,0
801,2026-10-18,18,1,4,1384,1384,25,25,2026-11-12,2026-11-12,0
802,2026-05-26,21,2,3,1313,1313,18,23,2026-06-13,2026-06-18,1
803,2026-04-07,21,2,4,911,911,25,30,2026-05-02,2026-05-07,1
804,2026-07-16,5,5,2,470,470,12,13,2026-07-28,2026-07-29,1
805,2026-05-11,2,3,2,766,766,12,12,2026-05-23,2026-05-23,0
806,2026-03-11,23,2,4,855,855,25,25,2026-04-05,2026-04-05,0
807,2026-08-26,22,2,3,250,250,18,19,2026-09-13,2026-09-14,1
808,2026-03-20,6,4,2,1193,1193,12,15,2026-04-01,2026-04-04,1
809,2026-09-25,21,1,2,513,513,12,12,2026-10-07,2026-10-07,0
810,2026-04-16,23,4,4,557,557,25,26,2026-05-11,2026-05-12,1
811,2026-10-14,12,1,2,759,759,12,15,2026-10-26,2026-10-29,1
812,2026-08-17,12,2,1,578,457,7,7,2026-08-24,2026-08-24,0
813,2026-03-31,12,2,4,614,614,25,32,2026-04-25,2026-05-02,1
814,2026-07-20,2,5,2,762,762,12,12,2026-08-01,2026-08-01,0
815,2026-11-18,25,3,3,714,714,18,19,2026-12-06,2026-12-07,1
816,2026-10-31,9,2,1,598,598,7,7,2026-11-07,2026-11-07,0
817,2026-05-04,14,3,3,1471,1471,18,19,2026-05-22,2026-05-23,1
818,2026-08-11,15,5,1,627,627,7,7,2026-08-18,2026-08-18,0
819,2026-10-01,5,3,2,269,269,12,12,2026-10-13,2026-10-13,0
820,2026-07-31,3,4,2,1153,1153,12,12,2026-08-12,2026-08-12,0
821,2026-03-02,24,4,2,558,558,12,14,2026-03-14,2026-03-16,1
822,2026-01-12,10,4,2,500,500,12,13,2026-01-24,2026-01-25,1
823,2026-02-15,4,3,4,708,708,25,27,2026-03-12,2026-03-14,1
824,2026-08-09,6,3,3,749,749,18,25,2026-08-27,2026-09-03,1
825,2026-05-09,13,2,2,521,521,12,12,2026-05-21,2026-05-21,0
826,2026-03-15,25,2,3,906,906,18,19,2026-04-02,2026-04-03,1
827,2026-03-01,9,3,3,697,697,18,20,2026-03-19,2026-03-21,1
828,2026-09-28,14,4,3,904,904,18,19,2026-10-16,2026-10-17,1
829,2026-07-13,3,2,1,489,489,7,8,2026-07-20,2026-07-21,1
830,2026-05-30,6,2,2,1423,1423,12,12,2026-06-11,2026-06-11,0
831,2026-11-21,11,2,1,265,265,7,7,2026-11-28,2026-11-28,0
832,2026-04-24,24,4,1,378,378,7,8,2026-05-01,2026-05-02,1
833,2026-07-04,10,3,3,268,268,18,18,2026-07-22,2026-07-22,0
834,2026-10-26,15,5,1,484,484,7,9,2026-11-02,2026-11-04,1
835,2026-01-02,7,3,1,225,225,7,7,2026-01-09,2026-01-09,0
836,2026-05-27,18,3,3,593,593,18,18,2026-06-14,2026-06-14,0
837,2026-01-24,5,5,2,446,446,12,15,2026-02-05,2026-02-08,1
838,2026-08-01,7,1,1,422,422,7,7,2026-08-08,2026-08-08,0
839,2026-09-25,6,1,1,739,739,7,7,2026-10-02,2026-10-02,0
840,2026-11-08,18,2,1,1006,1006,7,7,2026-11-15,2026-11-15,0
841,2026-02-07,25,2,3,1005,1005,18,18,2026-02-25,2026-02-25,0
842,2026-09-10,11,4,1,408,408,7,7,2026-09-17,2026-09-17,0
843,2026-02-07,14,1,1,574,574,7,7,2026-02-14,2026-02-14,0
844,2026-05-09,1,5,2,1006,1006,12,12,2026-05-21,2026-05-21,0
845,2026-03-09,18,3,3,991,991,18,18,2026-03-27,2026-03-27,0
846,2026-02-05,7,1,1,373,373,7,7,2026-02-12,2026-02-12,0
847,2026-02-09,15,4,1,524,524,7,8,2026-02-16,2026-02-17,1
848,2026-05-21,6,2,1,1219,1219,7,7,2026-05-28,2026-05-28,0
849,2026-04-28,8,4,2,1027,1027,12,12,2026-05-10,2026-05-10,0
850,2026-07-01,11,3,2,499,499,12,12,2026-07-13,2026-07-13,0
851,2026-08-09,2,3,2,411,411,12,12,2026-08-21,2026-08-21,0
852,2026-03-04,23,5,3,895,895,18,18,2026-03-22,2026-03-22,0
853,2026-04-05,4,3,4,1161,1161,25,25,2026-04-30,2026-04-30,0
854,2026-04-21,18,2,3,1008,1008,18,20,2026-05-09,2026-05-11,1
855,2026-09-14,25,1,3,695,695,18,18,2026-10-02,2026-10-02,0
856,2026-10-29,15,5,3,661,661,18,18,2026-11-16,2026-11-16,0
857,2026-07-04,14,2,1,593,593,7,7,2026-07-11,2026-07-11,0
858,2026-08-03,22,5,4,138,138,25,30,2026-08-28,2026-09-02,1
859,2026-01-26,10,4,2,669,669,12,12,2026-02-07,2026-02-07,0
860,2026-07-28,5,1,1,460,460,7,12,2026-08-04,2026-08-09,1
861,2026-03-14,6,2,2,1094,1094,12,14,2026-03-26,2026-03-28,1
862,2026-02-19,12,1,4,893,893,25,27,2026-03-16,2026-03-18,1
863,2026-02-26,20,4,2,768,768,12,13,2026-03-10,2026-03-11,1
864,2026-02-22,20,1,4,757,757,25,26,2026-03-19,2026-03-20,1
865,2026-07-23,10,3,3,308,308,18,20,2026-08-10,2026-08-12,1
866,2026-09-29,9,2,3,789,789,18,18,2026-10-17,2026-10-17,0
867,2026-04-27,5,5,2,529,529,12,13,2026-05-09,2026-05-10,1
868,2026-08-26,10,5,1,634,634,7,8,2026-09-02,2026-09-03,1
869,2026-01-12,17,2,4,482,482,25,27,2026-02-06,2026-02-08,1
870,2026-07-25,18,3,4,629,629,25,25,2026-08-19,2026-08-19,0
871,2026-09-07,17,5,1,312,312,7,10,2026-09-14,2026-09-17,1
872,2026-06-21,16,3,1,226,226,7,7,2026-06-28,2026-06-28,0
873,2026-09-20,24,5,2,431,431,12,13,2026-10-02,2026-10-03,1
874,2026-04-22,25,4,2,1070,1070,12,13,2026-05-04,2026-05-05,1
875,2026-07-28,22,1,2,280,280,12,12,2026-08-09,2026-08-09,0
876,2026-07-19,1,4,1,578,578,7,7,2026-07-26,2026-07-26,0
877,2026-06-08,11,2,1,650,650,7,7,2026-06-15,2026-06-15,0
878,2026-05-18,5,2,3,318,318,18,19,2026-06-05,2026-06-06,1
879,2026-06-21,9,5,3,415,415,18,23,2026-07-09,2026-07-14,1
880,2026-03-04,17,3,1,301,301,7,7,2026-03-11,2026-03-11,0
881,2026-06-24,4,1,1,626,626,7,7,2026-07-01,2026-07-01,0
882,2026-11-09,16,5,2,461,461,12,19,2026-11-21,2026-11-28,1
883,2026-09-28,17,1,2,242,242,12,12,2026-10-10,2026-10-10,0
884,2026-03-30,18,1,2,1253,1253,12,12,2026-04-11,2026-04-11,0
885,2026-06-06,19,5,3,838,838,18,18,2026-06-24,2026-06-24,0
886,2026-09-24,16,3,4,233,233,25,25,2026-10-19,2026-10-19,0
887,2026-04-28,3,5,3,1052,1052,18,23,2026-05-16,2026-05-21,1
888,2026-07-28,16,2,2,359,359,12,13,2026-08-09,2026-08-10,1
889,2026-04-02,17,3,1,273,273,7,8,2026-04-09,2026-04-10,1
890,2026-05-20,21,5,4,1062,1062,25,27,2026-06-14,2026-06-16,1
891,2026-04-20,5,1,1,207,207,7,10,2026-04-27,2026-04-30,1
892,2026-06-07,19,3,1,1046,1046,7,7,2026-06-14,2026-06-14,0
893,2026-01-02,2,4,1,565,565,7,7,2026-01-09,2026-01-09,0
894,2026-02-21,18,4,2,613,613,12,14,2026-03-05,2026-03-07,1
895,2026-11-14,7,5,3,313,313,18,25,2026-12-02,2026-12-09,1
896,2026-04-10,10,4,2,444,444,12,13,2026-04-22,2026-04-23,1
897,2026-08-22,14,4,4,1147,1147,25,25,2026-09-16,2026-09-16,0
898,2026-03-27,15,1,3,389,389,18,19,2026-04-14,2026-04-15,1
899,2026-01-23,7,4,3,194,194,18,18,2026-02-10,2026-02-10,0
900,2026-10-22,23,5,2,403,403,12,12,2026-11-03,2026-11-03,0
901,2026-04-10,17,3,1,205,205,7,14,2026-04-17,2026-04-24,1
902,2026-03-03,7,3,2,206,206,12,12,2026-03-15,2026-03-15,0
903,2026-11-23,11,4,1,405,405,7,10,2026-11-30,2026-12-03,1
904,2026-11-08,17,4,2,495,495,12,12,2026-11-20,2026-11-20,0
905,2026-02-24,6,4,1,600,600,7,7,2026-03-03,2026-03-03,0
906,2026-03-17,2,3,1,398,398,7,7,2026-03-24,2026-03-24,0
907,2026-10-20,17,5,1,461,461,7,7,2026-10-27,2026-10-27,0
908,2026-04-10,19,2,1,710,710,7,8,2026-04-17,2026-04-18,1
909,2026-10-11,6,5,4,1003,1003,25,27,2026-11-05,2026-11-07,1
910,2026-10-14,11,2,1,431,431,7,7,2026-10-21,2026-10-21,0
911,2026-07-23,4,3,1,1122,1122,7,7,2026-07-30,2026-07-30,0
912,2026-02-21,15,2,4,745,745,25,27,2026-03-18,2026-03-20,1
913,2026-04-17,13,1,1,520,520,7,10,2026-04-24,2026-04-27,1
914,2026-08-30,13,4,4,292,292,25,25,2026-09-24,2026-09-24,0
915,2026-02-04,25,5,4,588,588,25,25,2026-03-01,2026-03-01,0
916,2026-04-18,22,1,2,176,176,12,15,2026-04-30,2026-05-03,1
917,2026-11-04,17,4,2,305,305,12,12,2026-11-16,2026-11-16,0
918,2026-11-24,15,1,3,599,599,18,18,2026-12-12,2026-12-12,0
919,2026-06-09,17,4,3,329,329,18,18,2026-06-27,2026-06-27,0
920,2026-07-29,8,2,2,650,650,12,12,2026-08-10,2026-08-10,0
921,2026-02-25,6,3,3,1422,1422,18,18,2026-03-15,2026-03-15,0
922,2026-10-31,5,5,2,481,394,12,12,2026-11-12,2026-11-12,0
923,2026-05-21,8,2,1,848,714,7,7,2026-05-28,2026-05-28,0
924,2026-02-07,4,5,1,1285,1285,7,7,2026-02-14,2026-02-14,0
925,2026-06-24,8,4,4,548,548,25,25,2026-07-19,2026-07-19,0
926,2026-08-08,19,1,3,1179,1179,18,18,2026-08-26,2026-08-26,0
927,2026-04-10,3,1,1,711,711,7,7,2026-04-17,2026-04-17,0
928,2026-11-20,16,3,4,306,306,25,25,2026-12-15,2026-12-15,0
929,2026-01-13,12,5,3,791,791,18,21,2026-01-31,2026-02-03,1
930,2026-10-12,6,3,4,919,919,25,30,2026-11-06,2026-11-11,1
931,2026-07-14,11,1,4,715,715,25,25,2026-08-08,2026-08-08,0
932,2026-06-02,7,3,4,229,229,25,27,2026-06-27,2026-06-29,1
933,2026-03-03,11,1,3,566,566,18,21,2026-03-21,2026-03-24,1
934,2026-05-25,2,1,1,344,344,7,7,2026-06-01,2026-06-01,0
935,2026-06-05,9,3,2,1048,1048,12,19,2026-06-17,2026-06-24,1
936,2026-04-26,6,3,3,1304,1304,18,23,2026-05-14,2026-05-19,1
937,2026-02-01,17,5,2,400,400,12,13,2026-02-13,2026-02-14,1
938,2026-01-11,6,5,2,526,526,12,15,2026-01-23,2026-01-26,1
939,2026-11-09,23,5,1,1022,1022,7,7,2026-11-16,2026-11-16,0
940,2026-07-18,5,5,1,434,434,7,8,2026-07-25,2026-07-26,1
941,2026-10-20,13,2,4,640,640,25,25,2026-11-14,2026-11-14,0
942,2026-04-05,8,4,3,785,785,18,23,2026-04-23,2026-04-28,1
943,2026-02-02,10,2,4,705,705,25,25,2026-02-27,2026-02-27,0
944,2026-03-06,5,1,1,233,233,7,9,2026-03-13,2026-03-15,1
945,2026-02-06,8,4,1,797,797,7,7,2026-02-13,2026-02-13,0
946,2026-10-12,14,3,4,1528,1528,25,25,2026-11-06,2026-11-06,0
947,2026-11-06,12,2,4,511,511,25,30,2026-12-01,2026-12-06,1
948,2026-10-11,3,1,2,492,492,12,14,2026-10-23,2026-10-25,1
949,2026-01-10,13,3,4,571,571,25,25,2026-02-04,2026-02-04,0
950,2026-03-11,1,2,4,449,449,25,25,2026-04-05,2026-04-05,0
951,2026-03-22,11,1,4,733,733,25,25,2026-04-16,2026-04-16,0
952,2026-10-11,6,5,3,911,911,18,18,2026-10-29,2026-10-29,0
953,2026-09-06,3,5,2,1060,1060,12,12,2026-09-18,2026-09-18,0
954,2026-01-09,2,5,4,411,411,25,28,2026-02-03,2026-02-06,1
955,2026-07-29,25,2,3,1018,1018,18,19,2026-08-16,2026-08-17,1
956,2026-09-04,15,3,2,378,378,12,12,2026-09-16,2026-09-16,0
957,2026-01-08,15,3,1,422,422,7,7,2026-01-15,2026-01-15,0
958,2026-04-18,15,1,1,789,789,7,14,2026-04-25,2026-05-02,1
959,2026-02-15,18,5,3,1286,1286,18,20,2026-03-05,2026-03-07,1
960,2026-01-18,2,5,2,508,508,12,13,2026-01-30,2026-01-31,1
961,2026-05-11,24,4,4,405,405,25,25,2026-06-05,2026-06-05,0
962,2026-01-12,12,5,4,685,685,25,25,2026-02-06,2026-02-06,0
963,2026-05-15,15,3,4,736,736,25,26,2026-06-09,2026-06-10,1
964,2026-06-25,18,4,4,1344,1344,25,25,2026-07-20,2026-07-20,0
965,2026-06-07,14,1,1,828,693,7,9,2026-06-14,2026-06-16,1
966,2026-11-23,14,3,1,1195,1195,7,10,2026-11-30,2026-12-03,1
967,2026-10-03,25,5,3,501,501,18,19,2026-10-21,2026-10-22,1
968,2026-06-12,16,1,2,417,417,12,12,2026-06-24,2026-06-24,0
969,2026-10-04,16,5,4,458,458,25,25,2026-10-29,2026-10-29,0
970,2026-04-05,4,3,3,1013,1013,18,18,2026-04-23,2026-04-23,0
971,2026-01-20,14,5,3,1155,1155,18,18,2026-02-07,2026-02-07,0
972,2026-08-08,6,3,2,1132,1132,12,12,2026-08-20,2026-08-20,0
973,2026-03-10,10,5,3,709,709,18,18,2026-03-28,2026-03-28,0
974,2026-09-16,9,5,1,576,576,7,7,2026-09-23,2026-09-23,0
975,2026-03-21,13,5,4,294,294,25,25,2026-04-15,2026-04-15,0
976,2026-03-26,13,3,2,595,595,12,12,2026-04-07,2026-04-07,0
977,2026-08-26,22,2,4,170,170,25,25,2026-09-20,2026-09-20,0
978,2026-10-20,16,2,4,224,224,25,25,2026-11-14,2026-11-14,0
979,2026-05-17,13,1,3,279,279,18,18,2026-06-04,2026-06-04,0
980,2026-03-13,16,1,1,276,276,7,7,2026-03-20,2026-03-20,0
981,2026-03-19,15,2,2,913,913,12,12,2026-03-31,2026-03-31,0
982,2026-04-21,24,5,1,567,567,7,7,2026-04-28,2026-04-28,0
983,2026-05-27,15,3,2,773,773,12,12,2026-06-08,2026-06-08,0
984,2026-02-28,22,1,2,248,248,12,12,2026-03-12,2026-03-12,0
985,2026-09-03,5,5,3,306,306,18,21,2026-09-21,2026-09-24,1
986,2026-08-16,23,5,2,569,569,12,13,2026-08-28,2026-08-29,1
987,2026-10-11,13,5,1,596,596,7,8,2026-10-18,2026-10-19,1
988,2026-06-20,2,3,1,433,433,7,8,2026-06-27,2026-06-28,1
989,2026-05-24,12,4,4,656,656,25,26,2026-06-18,2026-06-19,1
990,2026-03-05,8,4,4,475,475,25,25,2026-03-30,2026-03-30,0
991,2026-11-15,15,5,3,619,619,18,18,2026-12-03,2026-12-03,0
992,2026-03-26,2,2,4,832,832,25,25,2026-04-20,2026-04-20,0
993,2026-05-18,2,5,4,298,298,25,25,2026-06-12,2026-06-12,0
994,2026-06-01,24,1,4,752,752,25,25,2026-06-26,2026-06-26,0
995,2026-08-17,24,4,2,648,648,12,12,2026-08-29,2026-08-29,0
996,2026-06-03,18,5,4,1000,1000,25,25,2026-06-28,2026-06-28,0
997,2026-08-18,15,2,3,759,564,18,19,2026-09-05,2026-09-06,1
998,2026-10-03,17,3,2,416,416,12,15,2026-10-15,2026-10-18,1
999,2026-06-20,10,1,4,743,743,25,25,2026-07-15,2026-07-15,0
1000,2026-09-14,13,4,3,364,364,18,18,2026-10-02,2026-10-02,0
1001,2026-09-20,2,1,1,722,722,7,7,2026-09-27,2026-09-27,0
1002,2026-02-11,13,1,1,363,363,7,8,2026-02-18,2026-02-19,1
1003,2026-09-19,1,2,1,790,790,7,14,2026-09-26,2026-10-03,1
1004,2026-01-10,13,1,4,611,611,25,25,2026-02-04,2026-02-04,0
1005,2026-01-30,5,5,2,304,304,12,12,2026-02-11,2026-02-11,0
1006,2026-09-19,19,3,4,618,618,25,28,2026-10-14,2026-10-17,1
1007,2026-04-23,20,1,2,693,693,12,12,2026-05-05,2026-05-05,0
1008,2026-09-13,18,5,3,469,469,18,18,2026-10-01,2026-10-01,0
1009,2026-06-29,1,5,3,642,642,18,19,2026-07-17,2026-07-18,1
1010,2026-03-08,10,4,3,587,587,18,18,2026-03-26,2026-03-26,0
1011,2026-09-21,9,5,1,1060,1060,7,8,2026-09-28,2026-09-29,1
1012,2026-04-23,3,3,1,786,786,7,7,2026-04-30,2026-04-30,0
1013,2026-06-16,9,2,3,620,620,18,18,2026-07-04,2026-07-04,0
1014,2026-09-18,13,2,4,690,690,25,27,2026-10-13,2026-10-15,1
1015,2026-08-24,2,1,3,794,794,18,18,2026-09-11,2026-09-11,0
1016,2026-07-02,20,5,2,435,435,12,14,2026-07-14,2026-07-16,1
1017,2026-05-26,5,2,4,306,306,25,25,2026-06-20,2026-06-20,0
1018,2026-04-18,9,2,1,840,840,7,7,2026-04-25,2026-04-25,0
1019,2026-11-04,9,4,2,1113,1113,12,15,2026-11-16,2026-11-19,1
1020,2026-09-24,1,4,1,965,965,7,9,2026-10-01,2026-10-03,1
1021,2026-09-01,8,2,1,643,643,7,12,2026-09-08,2026-09-13,1
1022,2026-04-12,8,5,2,615,615,12,14,2026-04-24,2026-04-26,1
1023,2026-01-29,24,2,2,484,484,12,12,2026-02-10,2026-02-10,0
1024,2026-08-07,4,4,2,963,963,12,15,2026-08-19,2026-08-22,1
1025,2026-03-16,23,3,3,910,910,18,19,2026-04-03,2026-04-04,1
1026,2026-08-10,15,4,1,682,682,7,8,2026-08-17,2026-08-18,1
1027,2026-11-23,17,5,2,328,328,12,12,2026-12-05,2026-12-05,0
1028,2026-07-31,7,4,1,425,425,7,9,2026-08-07,2026-08-09,1
1029,2026-03-08,10,2,1,581,581,7,8,2026-03-15,2026-03-16,1
1030,2026-10-09,4,2,4,847,847,25,25,2026-11-03,2026-11-03,0
1031,2026-03-27,5,5,2,184,184,12,17,2026-04-08,2026-04-13,1
1032,2026-07-17,17,2,4,461,461,25,25,2026-08-11,2026-08-11,0
1033,2026-06-11,13,4,1,746,746,7,7,2026-06-18,2026-06-18,0
1034,2026-10-12,22,2,4,111,111,25,26,2026-11-06,2026-11-07,1
1035,2026-02-13,7,4,2,313,313,12,13,2026-02-25,2026-02-26,1
1036,2026-02-07,4,3,4,1266,1266,25,25,2026-03-04,2026-03-04,0
1037,2026-05-08,7,2,2,384,384,12,17,2026-05-20,2026-05-25,1
1038,2026-01-12,8,3,1,841,841,7,8,2026-01-19,2026-01-20,1
1039,2026-02-23,4,4,4,785,785,25,26,2026-03-20,2026-03-21,1
1040,2026-11-22,13,1,4,269,249,25,25,2026-12-17,2026-12-17,0
1041,2026-11-05,7,5,4,153,153,25,25,2026-11-30,2026-11-30,0
1042,2026-06-17,15,3,2,369,369,12,12,2026-06-29,2026-06-29,0
1043,2026-06-27,13,5,4,559,559,25,25,2026-07-22,2026-07-22,0
1044,2026-07-07,11,4,4,492,492,25,25,2026-08-01,2026-08-01,0
1045,2026-02-25,22,5,3,284,284,18,18,2026-03-15,2026-03-15,0
1046,2026-03-05,2,5,1,351,351,7,10,2026-03-12,2026-03-15,1
1047,2026-03-13,16,4,3,387,387,18,18,2026-03-31,2026-03-31,0
1048,2026-10-09,15,2,2,742,742,12,12,2026-10-21,2026-10-21,0
1049,2026-02-23,25,3,2,629,629,12,13,2026-03-07,2026-03-08,1
1050,2026-02-07,1,4,1,630,630,7,7,2026-02-14,2026-02-14,0
1051,2026-01-17,1,5,3,1102,1102,18,20,2026-02-04,2026-02-06,1
1052,2026-07-14,6,5,2,862,862,12,12,2026-07-26,2026-07-26,0
1053,2026-01-08,21,3,3,1305,1305,18,18,2026-01-26,2026-01-26,0
1054,2026-11-08,6,5,2,1147,1147,12,14,2026-11-20,2026-11-22,1
1055,2026-02-19,7,1,1,338,338,7,7,2026-02-26,2026-02-26,0
1056,2026-08-04,19,4,4,880,880,25,27,2026-08-29,2026-08-31,1
1057,2026-04-03,19,3,3,865,865,18,23,2026-04-21,2026-04-26,1
1058,2026-11-25,3,4,1,1198,1198,7,7,2026-12-02,2026-12-02,0
1059,2026-09-29,14,1,3,1437,1437,18,18,2026-10-17,2026-10-17,0
1060,2026-01-23,10,3,4,349,349,25,27,2026-02-17,2026-02-19,1
1061,2026-06-20,4,4,2,503,503,12,15,2026-07-02,2026-07-05,1
1062,2026-05-15,10,3,4,596,596,25,28,2026-06-09,2026-06-12,1
1063,2026-07-03,23,3,2,718,718,12,12,2026-07-15,2026-07-15,0
1064,2026-08-29,16,2,1,434,434,7,8,2026-09-05,2026-09-06,1
1065,2026-04-22,10,2,2,752,752,12,17,2026-05-04,2026-05-09,1
1066,2026-11-23,19,1,2,1410,1159,12,12,2026-12-05,2026-12-05,0
1067,2026-04-05,5,5,2,192,192,12,12,2026-04-17,2026-04-17,0
1068,2026-05-07,17,2,4,407,407,25,25,2026-06-01,2026-06-01,0
1069,2026-10-17,2,1,4,832,832,25,25,2026-11-11,2026-11-11,0
1070,2026-06-07,4,2,4,859,859,25,25,2026-07-02,2026-07-02,0
1071,2026-08-09,3,2,3,1213,1213,18,18,2026-08-27,2026-08-27,0
1072,2026-08-26,11,5,1,768,768,7,9,2026-09-02,2026-09-04,1
1073,2026-09-20,3,1,1,554,554,7,7,2026-09-27,2026-09-27,0
1074,2026-06-14,13,1,4,782,782,25,25,2026-07-09,2026-07-09,0
1075,2026-01-08,16,5,3,203,203,18,18,2026-01-26,2026-01-26,0
1076,2026-10-28,11,5,3,598,598,18,18,2026-11-15,2026-11-15,0
1077,2026-08-21,18,2,4,524,524,25,25,2026-09-15,2026-09-15,0
1078,2026-11-23,21,5,4,1208,1208,25,25,2026-12-18,2026-12-18,0
1079,2026-07-12,20,4,3,510,510,18,23,2026-07-30,2026-08-04,1
1080,2026-02-05,24,1,1,445,445,7,10,2026-02-12,2026-02-15,1
1081,2026-06-23,11,5,2,369,369,12,14,2026-07-05,2026-07-07,1
1082,2026-07-10,15,4,1,562,562,7,7,2026-07-17,2026-07-17,0
1083,2026-08-13,23,5,4,438,438,25,26,2026-09-07,2026-09-08,1
1084,2026-04-19,24,1,2,467,467,12,12,2026-05-01,2026-05-01,0
1085,2026-03-31,7,1,2,266,266,12,13,2026-04-12,2026-04-13,1
1086,2026-04-21,25,5,3,451,451,18,18,2026-05-09,2026-05-09,0
1087,2026-09-06,25,5,2,1108,1108,12,12,2026-09-18,2026-09-18,0
1088,2026-08-04,21,5,3,1265,1265,18,18,2026-08-22,2026-08-22,0
1089,2026-09-07,16,1,2,430,430,12,12,2026-09-19,2026-09-19,0
1090,2026-03-30,10,4,3,372,372,18,18,2026-04-17,2026-04-17,0
1091,2026-03-21,6,4,2,594,594,12,12,2026-04-02,2026-04-02,0
1092,2026-09-25,2,4,2,807,807,12,14,2026-10-07,2026-10-09,1
1093,2026-11-15,12,4,2,818,818,12,12,2026-11-27,2026-11-27,0
1094,2026-04-20,21,3,3,1031,1031,18,18,2026-05-08,2026-05-08,0
1095,2026-08-18,23,5,1,798,798,7,7,2026-08-25,2026-08-25,0
1096,2026-02-22,7,3,3,324,324,18,18,2026-03-12,2026-03-12,0
1097,2026-03-24,19,2,1,734,734,7,8,2026-03-31,2026-04-01,1
1098,2026-08-18,14,3,2,1518,1518,12,13,2026-08-30,2026-08-31,1
1099,2026-10-23,18,3,1,1222,1222,7,7,2026-10-30,2026-10-30,0
1100,2026-10-01,15,3,3,391,391,18,25,2026-10-19,2026-10-26,1
1101,2026-11-17,5,4,1,265,265,7,7,2026-11-24,2026-11-24,0
1102,2026-01-12,11,4,1,476,476,7,7,2026-01-19,2026-01-19,0
1103,2026-06-08,22,2,3,151,151,18,18,2026-06-26,2026-06-26,0
1104,2026-02-05,25,1,4,512,512,25,25,2026-03-02,2026-03-02,0
1105,2026-01-09,25,3,1,1078,1078,7,7,2026-01-16,2026-01-16,0
1106,2026-04-15,4,4,2,649,649,12,12,2026-04-27,2026-04-27,0
1107,2026-06-12,1,3,2,801,801,12,12,2026-06-24,2026-06-24,0
1108,2026-06-25,14,4,2,976,976,12,19,2026-07-07,2026-07-14,1
1109,2026-10-27,25,3,3,1047,1047,18,18,2026-11-14,2026-11-14,0
1110,2026-07-17,14,2,4,888,888,25,26,2026-08-11,2026-08-12,1
1111,2026-01-25,3,1,4,866,866,25,30,2026-02-19,2026-02-24,1
1112,2026-09-07,10,3,4,524,524,25,25,2026-10-02,2026-10-02,0
1113,2026-03-17,25,3,2,487,487,12,12,2026-03-29,2026-03-29,0
1114,2026-08-28,18,1,2,1348,1348,12,15,2026-09-09,2026-09-12,1
1115,2026-01-08,4,2,2,1059,1059,12,12,2026-01-20,2026-01-20,0
1116,2026-01-11,1,4,4,1080,1080,25,30,2026-02-05,2026-02-10,1
1117,2026-07-22,14,4,1,681,681,7,7,2026-07-29,2026-07-29,0
1118,2026-11-20,23,2,4,963,963,25,25,2026-12-15,2026-12-15,0
1119,2026-10-30,11,4,3,697,697,18,20,2026-11-17,2026-11-19,1
1120,2026-01-27,9,4,4,627,627,25,27,2026-02-21,2026-02-23,1
1121,2026-01-14,5,5,3,490,490,18,18,2026-02-01,2026-02-01,0
1122,2026-06-23,16,1,3,290,290,18,18,2026-07-11,2026-07-11,0
1123,2026-03-25,13,5,1,758,758,7,7,2026-04-01,2026-04-01,0
1124,2026-02-06,19,1,3,1188,1188,18,19,2026-02-24,2026-02-25,1
1125,2026-03-09,7,3,3,168,168,18,19,2026-03-27,2026-03-28,1
1126,2026-06-04,14,5,1,626,626,7,9,2026-06-11,2026-06-13,1
1127,2026-11-13,3,2,1,677,677,7,9,2026-11-20,2026-11-22,1
1128,2026-03-20,17,1,1,246,246,7,8,2026-03-27,2026-03-28,1
1129,2026-01-25,10,5,2,567,567,12,12,2026-02-06,2026-02-06,0
1130,2026-07-01,24,5,1,690,690,7,7,2026-07-08,2026-07-08,0
1131,2026-11-26,1,3,4,1134,1134,25,28,2026-12-21,2026-12-24,1
1132,2026-06-10,20,3,3,733,733,18,18,2026-06-28,2026-06-28,0
1133,2026-04-30,24,1,3,434,434,18,19,2026-05-18,2026-05-19,1
1134,2026-01-16,4,5,4,603,603,25,26,2026-02-10,2026-02-11,1
1135,2026-02-24,19,2,2,1182,1182,12,12,2026-03-08,2026-03-08,0
1136,2026-07-26,23,1,2,844,844,12,12,2026-08-07,2026-08-07,0
1137,2026-03-02,9,1,2,544,544,12,13,2026-03-14,2026-03-15,1
1138,2026-03-19,14,2,4,1403,1403,25,28,2026-04-13,2026-04-16,1
1139,2026-02-12,22,2,1,211,211,7,7,2026-02-19,2026-02-19,0
1140,2026-05-18,1,4,1,605,605,7,7,2026-05-25,2026-05-25,0
1141,2026-04-03,14,2,3,1459,1459,18,21,2026-04-21,2026-04-24,1
1142,2026-02-07,17,1,1,213,213,7,10,2026-02-14,2026-02-17,1
1143,2026-05-15,20,4,1,617,617,7,9,2026-05-22,2026-05-24,1
1144,2026-01-29,17,3,4,387,387,25,25,2026-02-23,2026-02-23,0
1145,2026-04-25,21,3,1,1037,1037,7,14,2026-05-02,2026-05-09,1
1146,2026-11-20,25,1,1,957,957,7,8,2026-11-27,2026-11-28,1
1147,2026-11-02,7,3,1,218,218,7,7,2026-11-09,2026-11-09,0
1148,2026-01-08,10,2,4,355,355,25,32,2026-02-02,2026-02-09,1
1149,2026-03-21,13,1,1,369,369,7,7,2026-03-28,2026-03-28,0
1150,2026-08-07,22,3,3,207,207,18,18,2026-08-25,2026-08-25,0
1151,2026-05-14,15,1,3,839,839,18,18,2026-06-01,2026-06-01,0
1152,2026-08-17,23,3,1,444,444,7,14,2026-08-24,2026-08-31,1
1153,2026-09-29,5,3,4,536,536,25,26,2026-10-24,2026-10-25,1
1154,2026-02-13,10,1,3,386,386,18,21,2026-03-03,2026-03-06,1
1155,2026-09-09,16,5,1,428,428,7,7,2026-09-16,2026-09-16,0
1156,2026-10-13,4,3,2,591,591,12,17,2026-10-25,2026-10-30,1
1157,2026-03-09,16,1,4,337,337,25,28,2026-04-03,2026-04-06,1
1158,2026-03-07,8,2,3,414,414,18,19,2026-03-25,2026-03-26,1
1159,2026-03-08,18,1,4,1001,1001,25,25,2026-04-02,2026-04-02,0
1160,2026-10-09,7,3,4,251,251,25,25,2026-11-03,2026-11-03,0
1161,2026-05-17,4,1,1,647,647,7,7,2026-05-24,2026-05-24,0
1162,2026-04-06,12,5,2,375,375,12,12,2026-04-18,2026-04-18,0
1163,2026-03-02,12,2,1,787,787,7,7,2026-03-09,2026-03-09,0
1164,2026-05-14,21,4,3,1052,1052,18,18,2026-06-01,2026-06-01,0
1165,2026-11-01,19,1,1,1239,896,7,12,2026-11-08,2026-11-13,1
1166,2026-05-12,3,3,2,502,502,12,12,2026-05-24,2026-05-24,0
1167,2026-05-15,15,5,1,903,903,7,9,2026-05-22,2026-05-24,1
1168,2026-04-30,8,2,4,565,565,25,25,2026-05-25,2026-05-25,0
1169,2026-03-26,12,4,1,414,414,7,7,2026-04-02,2026-04-02,0
1170,2026-10-20,20,3,2,285,285,12,12,2026-11-01,2026-11-01,0
1171,2026-10-24,22,1,2,144,144,12,12,2026-11-05,2026-11-05,0
1172,2026-11-08,13,3,4,298,298,25,25,2026-12-03,2026-12-03,0
1173,2026-08-11,24,3,4,700,700,25,28,2026-09-05,2026-09-08,1
1174,2026-01-05,5,1,1,220,220,7,7,2026-01-12,2026-01-12,0
1175,2026-09-26,20,3,2,283,283,12,12,2026-10-08,2026-10-08,0
1176,2026-08-04,19,2,3,933,933,18,23,2026-08-22,2026-08-27,1
1177,2026-02-07,25,5,4,1015,1015,25,28,2026-03-04,2026-03-07,1
1178,2026-10-26,25,1,2,1060,1060,12,15,2026-11-07,2026-11-10,1
1179,2026-10-09,12,2,3,852,852,18,18,2026-10-27,2026-10-27,0
1180,2026-11-22,18,2,1,903,903,7,14,2026-11-29,2026-12-06,1
1181,2026-10-21,13,1,3,479,479,18,18,2026-11-08,2026-11-08,0
1182,2026-03-28,23,2,4,1003,1003,25,28,2026-04-22,2026-04-25,1
1183,2026-03-21,1,5,3,690,690,18,18,2026-04-08,2026-04-08,0
1184,2026-03-28,11,2,1,387,387,7,7,2026-04-04,2026-04-04,0
1185,2026-04-26,15,5,4,593,593,25,27,2026-05-21,2026-05-23,1
1186,2026-07-15,6,1,1,1262,1262,7,8,2026-07-22,2026-07-23,1
1187,2026-08-20,3,3,1,1200,1200,7,12,2026-08-27,2026-09-01,1
1188,2026-05-09,21,5,1,1098,1098,7,7,2026-05-16,2026-05-16,0
1189,2026-08-30,13,4,3,633,633,18,18,2026-09-17,2026-09-17,0
1190,2026-11-15,6,1,3,1325,1048,18,21,2026-12-03,2026-12-06,1
1191,2026-11-09,7,5,4,323,323,25,25,2026-12-04,2026-12-04,0
1192,2026-05-25,7,1,3,237,237,18,23,2026-06-12,2026-06-17,1
1193,2026-01-23,17,2,2,509,509,12,12,2026-02-04,2026-02-04,0
1194,2026-06-01,15,2,1,554,554,7,9,2026-06-08,2026-06-10,1
1195,2026-03-27,1,3,1,733,733,7,7,2026-04-03,2026-04-03,0
1196,2026-01-23,2,2,2,576,576,12,12,2026-02-04,2026-02-04,0
1197,2026-10-18,1,2,2,593,593,12,12,2026-10-30,2026-10-30,0
1198,2026-02-03,6,5,2,662,662,12,13,2026-02-15,2026-02-16,1
1199,2026-09-10,11,1,3,338,338,18,23,2026-09-28,2026-10-03,1
1200,2026-02-07,7,1,2,383,383,12,12,2026-02-19,2026-02-19,0
